UNIPROT.K562	gene_name	mf	method.K562	significant.K562	final_score.K562	UNIPROT.LAMA84	method.LAMA84	significant.LAMA84	final_score.LAMA84	conc
Q2M2I8	AAK1	kin	VIPER	+	-3.828970632570973	Q2M2I8	VIPER	+	-1.3679141323008086	5.237703040458601
P61221	ABCE1	other	proteoscore	+	-0.388548	P61221	proteoscore	+	-0.300256	0.11666386828800002
Q8NE71	ABCF1	other	proteoscore	+	-0.323164	Q8NE71	proteoscore	+	-0.274985	0.08886525254
P00519;P00519	ABL1	kin	VIPER+PhosphoScore	+	-3.462058142919539	P00519;P00519	VIPER+PhosphoScore	+	-4.0069237405318425	13.872202963965885
P42684	ABL2	kin	PhosphoScore	+	-2.55344	P42684	PhosphoScore	+	-3.61537	9.2316303728
Q13085	ACACA	other	proteoscore	+	-0.409595	Q13085	proteoscore	+	-0.56136	0.2299302492
P11310	ACADM	other	proteoscore	+	0.462001	P11310	proteoscore	+	0.567364	0.262122735364
P49748	ACADVL	other	proteoscore	+	0.433615	P49748	proteoscore	+	0.389379	0.16884057508499997
P24752	ACAT1	other	proteoscore	+	0.671038	P24752	proteoscore	+	0.415182	0.278602898916
P21399	ACO1	other	proteoscore	+	0.38732	P21399	proteoscore	+	0.230886	0.08942676552
Q15067	ACOX1	other	proteoscore	+	-0.470717	Q15067	proteoscore	+	-0.528067	0.24857011403899998
O60488	ACSL4	other	proteoscore	+	-0.376703	O60488	proteoscore	+	-0.270434	0.101873299102
Q9H981	ACTR8	other	proteoscore	+	-0.422791	Q9H981	proteoscore	+	-0.290342	0.12275398452199998
P27037	ACVR2A	kin	VIPER	+	1.1527479555874458	P27037	VIPER	+	3.2830095321433013	3.7844825263522877
Q13705	ACVR2B	kin	VIPER	+	1.3631384594952307	Q13705	VIPER	+	3.2417035360968787	4.418890764335341
P35611	ADD1	other	proteoscore	+	0.567554	P35611	proteoscore	+	0.340034	0.192987656836
P35612	ADD2	other	proteoscore	+	1.44325	P35612	proteoscore	+	0.561091	0.80979458575
P51825	AFF1	other	proteoscore	+	-0.421061	P51825	proteoscore	+	-0.74628	0.31422940308
Q53H12	AGK	kin	proteoscore	+	0.288038	Q53H12	proteoscore	+	0.337119	0.097103082522
O95433	AHSA1	other	proteoscore	+	-0.427895	O95433	proteoscore	+	-0.405555	0.17353495672500002
O00170	AIP	tf	proteoscore	+	-0.263385	O00170	proteoscore	+	-0.488865	0.128759708025
Q92667	AKAP1	other	proteoscore	+	-0.538	Q92667	proteoscore	+	-0.579555	0.31180059000000004
Q9UKA4	AKAP11	other	proteoscore	+	-1.77579	Q9UKA4	proteoscore	+	-1.39923	2.4847386417
P52895	AKR1C2	other	proteoscore	+	0.988759	P52895	proteoscore	+	0.417589	0.412894882051
P31749	AKT1	kin	VIPER+PhosphoScore	+	0.42136151227372354	P31749	VIPER	+	0.9573168080475672	0.40337645796397686
P31751	AKT2	kin	VIPER	NA	0.26391925394858534	P31751	VIPER	+	1.2096717611617702	0.3192556687284857
Q9Y243	AKT3	kin	VIPER	+	0.35605440647892944	Q9Y243	VIPER	+	0.6274300670424753	0.22339924012784346
P00352	ALDH1A1	other	proteoscore	+	1.21621	P00352	proteoscore	+	1.15856	1.4090522576
P51649	ALDH5A1	other	proteoscore	+	0.719561	P51649	proteoscore	+	0.497168	0.357742703248
P15144	ANPEP	other	proteoscore	+	1.7709	P15144	proteoscore	+	0.385427	0.6825526743
P04114	APOB	other	proteoscore	+	-1.83204	P04114	proteoscore	+	-1.20767	2.2124997468
Q9NP61	ARFGAP3	other	proteoscore	+	-0.342885	Q9NP61	proteoscore	+	-0.584636	0.20046291486
Q15052	ARHGEF6	other	proteoscore	+	-0.878518	Q15052	proteoscore	+	-0.485789	0.426774380702
Q99856	ARID3A	tf	proteoscore	+	0.434772	Q99856	proteoscore	+	0.40594	0.17649134568
P15289	ARSA	other	proteoscore	+	0.764421	P15289	proteoscore	+	1.29336	0.9886715445600001
P08243	ASNS	other	proteoscore	+	-0.491927	P08243	proteoscore	+	-2.80968	1.38215745336
Q96QE3	ATAD5	other	proteoscore	+	-0.829468	Q96QE3	proteoscore	+	-0.901562	0.747816829016
Q99941	ATF6B	tf	proteoscore	+	-0.495603	Q99941	proteoscore	+	-2.96534	1.46963140002
Q676U5;Q676U5-3;Q676U5	ATG16L1	other	proteoscore	+	-0.597205	Q676U5;Q676U5-3;Q676U5	proteoscore	+	-0.859152	0.51308987016
Q9H1Y0	ATG5	other	proteoscore	+	-0.535006	Q9H1Y0	proteoscore	+	-0.255057	0.136457025342
Q13315	ATM	kin	VIPER	+	4.028894149166106	Q13315	VIPER+PhosphoScore	+	5.5523813742155825	22.369956832516024
P16615	ATP2A2	other	proteoscore	+	-0.35544	P16615	proteoscore	+	-0.502681	0.17867293464
P23634	ATP2B4	other	proteoscore	+	0.378781	P23634	proteoscore	+	0.540556	0.204752342236
Q13535	ATR	kin	VIPER+PhosphoScore	+	0.13927174963866495	Q13535	VIPER	+	5.297788867498455	0.7378323247927512
P46100	ATRX	other	proteoscore	+	0.466459	P46100	proteoscore	+	0.326353	0.152230294027
Q8WWM7	ATXN2L	other	proteoscore	+	-0.575659	Q8WWM7	proteoscore	+	-0.679528	0.391176408952
O14965	AURKA	kin	VIPER	+	-1.1216021495949458	O14965	VIPER	+	-1.4726828687664413	1.651764271280092
O95429	BAG4	other	proteoscore	+	-1.05853	O95429	proteoscore	+	-0.430353	0.45554156109
P46379	BAG6	other	proteoscore	+	-0.365806	P46379	proteoscore	+	-0.752765	0.27536595359000005
Q9UIG0	BAZ1B	kin	proteoscore	+	-0.380518	Q9UIG0	proteoscore	+	-0.49076	0.18674301368000001
P12694	BCKDHA	other	proteoscore	+	0.647446	P12694	proteoscore	+	0.514644	0.33320419922399996
O14874	BCKDK	kin	VIPER	+	4.644207977473972	O14874	VIPER	+	2.13033521389734	9.893719795075747
O95999	BCL10	tf	proteoscore	+	-0.632198	O95999	proteoscore	+	-1.3609	0.8603582582
Q07817	BCL2L1	other	proteoscore	+	-0.955203	Q07817	proteoscore	+	-1.03447	0.9881288474100001
Q8TD16	BICD2	other	proteoscore	+	-0.755265	Q8TD16	proteoscore	+	-1.45417	1.0982837050499998
O15392	BIRC5	other	proteoscore	+	-1.09698	O15392	proteoscore	+	-2.18702	2.3991171996
P54132	BLM	other	proteoscore	+	-1.09096	P54132	proteoscore	+	-1.35791	1.4814254935999998
Q9NSY1	BMP2K	kin	proteoscore	+	-0.585755	Q9NSY1	proteoscore	+	-0.685086	0.40129254993
P36894	BMPR1A	kin	VIPER	+	1.1526441234807374	P36894	VIPER	+	3.2534206370471734	3.7500361785033816
O00238	BMPR1B	kin	VIPER	+	1.8017696339829392	O00238	VIPER	+	2.2467892124940385	4.0481965770322
Q13873	BMPR2	kin	VIPER	+	1.6090926161261425	Q13873	VIPER	+	2.4088261923068757	3.876024439572245
O60238	BNIP3L	other	proteoscore	+	1.82357	O60238	proteoscore	+	0.655183	1.1947720633099999
P25440	BRD2	kin	proteoscore	+	-0.700703	P25440	proteoscore	+	-0.386948	0.271135624444
Q8TDC3;Q8TDC3	BRSK1	kin	VIPER	+	1.9057421702052357	Q8TDC3;Q8TDC3	VIPER	+	1.6015501738372695	3.0521417039812104
Q8IWQ3	BRSK2	kin	VIPER	+	1.884341063486713	Q8IWQ3	VIPER	+	0.5548399109565384	1.0455076278767168
P20290	BTF3	other	proteoscore	+	-0.654712	P20290	proteoscore	+	-0.577138	0.377859174256
Q06187	BTK	kin	proteoscore	+	-0.417899	Q06187	VIPER	NA	-1.6347229011945321	0.6831490656862939
O60566	BUB1B	kin	proteoscore	+	-0.783099	O60566	proteoscore	+	-1.80748	1.41543578052
Q9BRJ6	C7orf50	other	proteoscore	+	-1.23926	Q9BRJ6	proteoscore	+	-0.453671	0.5622163234600001
P27708	CAD	kin	PhosphoScore	+	-1.85611	P27708	PhosphoScore	+	-2.46107	4.5680166376999995
Q8IU85	CAMK1D	kin	VIPER	+	1.183011328818557	Q8IU85	VIPER	NA	1.460707499918345	1.7280335204936337
Q96NX5	CAMK1G	kin	VIPER	+	1.7326811216719702	Q96NX5	VIPER	+	1.85777234710927	3.2189270742004585
Q9UQM7;Q9UQM7	CAMK2A	kin	VIPER	+	1.844727171216174	Q9UQM7;Q9UQM7	VIPER	+	2.132437258968028	3.9337649525320617
Q13554	CAMK2B	kin	VIPER	+	1.7390868563250723	Q13554	VIPER	+	2.425589111497195	4.218310142649982
Q13557;Q13557-3;Q13557	CAMK2D	kin	VIPER	+	2.5898622670389053	Q13557;Q13557-3;Q13557	VIPER	+	2.117990733161877	5.485304281754011
Q13555	CAMK2G	kin	VIPER	+	2.0900109020590865	Q13555	VIPER	+	3.743662886441288	7.82429624629628
Q16566	CAMK4	kin	VIPER	+	0.9147936376583828	Q16566	VIPER	+	1.4504483574262583	1.326860929125593
Q8N5S9	CAMKK1	kin	VIPER	+	2.2086789643952875	Q8N5S9	VIPER	+	1.8547078867045066	4.096454294462282
Q96RR4	CAMKK2	kin	VIPER	+	0.6907820868915598	Q96RR4	VIPER	+	1.4508207191050595	1.0022009640489065
Q14444	CAPRIN1	other	proteoscore	+	-0.657401	Q14444	proteoscore	+	-0.959687	0.630899193487
Q9Y2V2	CARHSP1	other	proteoscore	+	0.345041	Q9Y2V2	proteoscore	+	0.372786	0.128626454226
O15234	CASC3	other	proteoscore	+	-0.874714	O15234	proteoscore	+	-0.836698	0.7318714543720001
P04040	CAT	other	proteoscore	+	0.722438	P04040	proteoscore	+	0.313821	0.226716215598
O75081	CBFA2T3	tf	proteoscore	+	-1.26252	O75081	proteoscore	+	-0.445715	0.5627241018
P22681	CBL	other	PhosphoScore	+	-3.40706	P22681	proteoscore	+	-0.331924	1.1308849834399999
Q14781	CBX2	other	proteoscore	+	-0.389268	Q14781	proteoscore	+	-1.67065	0.6503305842
O00257	CBX4	tf	proteoscore	+	-0.563969	O00257	proteoscore	+	-1.85432	1.0457789960800001
Q8IX12	CCAR1	tf	proteoscore	+	0.332252	Q8IX12	proteoscore	+	0.339864	0.11292049372799999
Q8IVM0	CCDC50	other	proteoscore	+	-0.433631	Q8IVM0	proteoscore	+	-0.908536	0.393969374216
Q16204	CCDC6	other	PhosphoScore	+	-0.814619	Q16204	proteoscore	+	-1.22057	0.99429951283
P20248	CCNA2	other	proteoscore	+	-0.902193	P20248	proteoscore	+	-1.73466	1.56499810938
P14635	CCNB1	other	proteoscore	+	-1.61749	P14635	proteoscore	+	-1.196	1.93451804
O95067	CCNB2	other	proteoscore	+	-1.84385	O95067	proteoscore	+	-1.36294	2.5130569190000003
P50991	CCT4	other	proteoscore	+	-0.216721	P50991	proteoscore	+	-0.366162	0.07935499480199999
Q99832	CCT7	other	proteoscore	+	-0.238056	Q99832	proteoscore	+	-0.41521	0.09884323176
P50990	CCT8	other	proteoscore	+	-0.342493	P50990	proteoscore	+	-0.737289	0.252516321477
Q9Y5K6	CD2AP	other	proteoscore	+	-0.366139	Q9Y5K6	proteoscore	+	-0.527383	0.19309548423700001
Q12834	CDC20	other	PhosphoScore	+	1.74564	Q12834	PhosphoScore	+	5.581	9.74241684
Q16543	CDC37	other	proteoscore	+	-0.283495	Q16543	proteoscore	+	-0.405342	0.11491243028999999
Q99741	CDC6	other	proteoscore	+	-1.39684	Q99741	proteoscore	+	-2.2896	3.1982048640000005
O00311	CDC7	kin	VIPER	+	1.4988894594899032	O00311	VIPER	+	1.7790383665700547	2.6665818556799894
Q96FF9	CDCA5	other	proteoscore	+	-1.93119	Q96FF9	proteoscore	+	-1.70241	3.2876771679
Q53HL2	CDCA8	other	proteoscore	+	-0.918179	Q53HL2	proteoscore	+	-0.988019	0.907178297401
P06493	CDK1	kin	VIPER+PhosphoScore	+	-1.912754273946965	P06493	VIPER+PhosphoScore	+	-1.0172879223559597	1.9458218213209901
Q15131	CDK10	kin	VIPER	+	-3.294614492800753	Q15131	VIPER	+	-0.5307189484894159	1.7485143392972058
P211272;P21127	CDK11B	kin	VIPER	+	-1.2221165980559865	P211272;P21127	VIPER	+	-2.7603031461308523	3.3734122905526736
Q9NYV4	CDK12	kin	VIPER+PhosphoScore	+	-0.08989452057032876	Q9NYV4	VIPER	NA	-0.24072376074234866	0.02163974706181996
Q14004	CDK13	kin	VIPER	+	-1.0600442080972983	Q14004	VIPER	+	-1.115961568940834	1.182968597614905
O94921	CDK14	kin	VIPER	+	-2.046399742335199	O94921	VIPER	+	-1.1723327127325662	2.3990613612670484
Q00536	CDK16	kin	VIPER	+	-1.6041974702370245	Q00536	VIPER	+	-1.7841067774983668	2.86205957909561
Q00537	CDK17	kin	VIPER	NA	-1.5014778880633641	Q00537	VIPER	+	-0.7975344391101481	1.197480325292905
Q07002	CDK18	kin	VIPER	+	-1.3988763104148656	Q07002	VIPER	+	-0.9557454028577498	1.3369696028456184
Q9BWU1	CDK19	kin	VIPER	NA	-1.853578800006348	Q9BWU1	VIPER	+	-1.6295423198687216	3.0204850978218256
P24941	CDK2	kin	VIPER	+	-5.447558210411097	P24941	VIPER	+	-4.416137892849983	24.057168236502488
Q8IZL9	CDK20	kin	VIPER	+	-1.2221165980559865	Q8IZL9	VIPER	+	-2.7603031461308523	3.3734122905526736
Q00526	CDK3	kin	VIPER	+	-3.4124465353010196	Q00526	VIPER	+	-3.3359655391298406	11.383804045887223
P11802	CDK4	kin	VIPER	+	-4.408752215603947	P11802	VIPER	+	-1.7748603925843156	7.824919688193792
Q00535	CDK5	kin	VIPER	+	-5.6548381815763	Q00535	VIPER	+	-4.68300666471886	26.48164489222849
Q00534	CDK6	kin	VIPER	+	-4.921441513200669	Q00534	VIPER	+	-5.226290362745047	25.72088235125406
P50613	CDK7	kin	VIPER	NA	-1.4480436181192042	P50613	VIPER	NA	-0.29833740608167	0.43200557692279967
P49336	CDK8	kin	VIPER	+	-1.613736999538525	P49336	VIPER	+	-2.632427424517568	4.248045533543907
P50750	CDK9	kin	VIPER	NA	-1.338493465602978	P50750	VIPER	NA	-0.30192114595009056	0.40411948098155925
Q5VV42	CDKAL1	other	proteoscore	+	-0.816747	Q5VV42	proteoscore	+	-0.667902	0.545506954794
Q00532	CDKL1	kin	VIPER	+	-1.5274876697426358	Q00532	VIPER	+	-0.07090932899664013	0.10831312571209174
O76039	CDKL5	kin	VIPER	+	-1.1609560365532008	O76039	VIPER	+	-0.8833725607259665	1.0255567069002698
P42773	CDKN2C	other	proteoscore	+	0.931839	P42773	proteoscore	+	0.630969	0.5879615219909999
Q9BYV8	CEP41	other	proteoscore	+	-0.494891	Q9BYV8	proteoscore	+	-0.390315	0.19316338066500002
Q8TAP6	CEP76	other	proteoscore	+	-0.675438	Q8TAP6	proteoscore	+	-0.726238	0.490528742244
Q96G23	CERS2	other	proteoscore	+	-0.379889	Q96G23	proteoscore	+	-0.575496	0.218624599944
Q13111	CHAF1A	other	proteoscore	+	-0.555468	Q13111	proteoscore	+	-0.913981	0.507687198108
Q13112	CHAF1B	other	proteoscore	+	-0.69312	Q13112	proteoscore	+	-0.962524	0.66714463488
Q96BP2	CHCHD1	other	proteoscore	+	0.727643	Q96BP2	proteoscore	+	2.59261	1.8864945182300001
O14757	CHEK1	kin	VIPER	+	-0.5573641259378224	O14757	VIPER	+	-0.24631770180483703	0.13728865056946615
P35790	CHKA	kin	proteoscore	+	-1.35797	P35790	proteoscore	+	-1.24606	1.6921120981999997
Q9BY43	CHMP4A	other	proteoscore	+	-0.333055	Q9BY43	proteoscore	+	-0.519403	0.17298976616499998
Q8WUX9	CHMP7	other	proteoscore	+	-0.421498	Q8WUX9	proteoscore	+	-0.602589	0.253990058322
O15111	CHUK	kin	VIPER	+	-0.04369873485933342	O15111	VIPER	NA	-0.47196794905848083	0.020624402268009937
Q8WWK9	CKAP2	other	proteoscore	+	-0.936539	Q8WWK9	proteoscore	+	-1.20369	1.1273026289099999
O75122	CLASP2	other	proteoscore	+	-0.322329	O75122	proteoscore	+	-0.256509	0.08268028946099999
O75390	CS	other	proteoscore	+	0.332349	O75390	proteoscore	+	0.387544	0.128799860856
O75534	CSDE1	other	proteoscore	+	-0.704268	O75534	proteoscore	+	-1.11074	0.7822586383200001
P55060	CSE1L	other	proteoscore	+	-0.248982	P55060	proteoscore	+	-0.473052	0.11778143306399999
P48729	CSNK1A1	kin	VIPER	+	0.03391588656609542	P48729	VIPER	+	2.119970977684679	0.07190069520256798
P48730	CSNK1D	kin	VIPER	+	0.26246250427891565	P48730	VIPER	+	0.1886473930188212	0.04951286719740864
P49674	CSNK1E	kin	VIPER+PhosphoScore	+	1.032366946204726	P49674	VIPER	+	2.6400817325120625	2.7255331159243603
P68400	CSNK2A1	kin	VIPER	+	3.3097313768997805	P68400	VIPER	+	2.307272611516111	7.63645255739637
P19784	CSNK2A2	kin	VIPER	+	1.9372317413074995	P19784	VIPER	+	2.863484800324796	5.547233645940762
P35221	CTNNA1	other	proteoscore	+	-0.29440499999999997	P35221	proteoscore	+	-0.919145	0.27060088372499996
P17812	CTPS1	other	proteoscore	+	-0.444586	P17812	proteoscore	+	-0.51162	0.22745908931999997
P07858	CTSB	other	proteoscore	+	0.916689	P07858	proteoscore	+	0.43927	0.40267397702999996
P07339	CTSD	other	proteoscore	+	0.942529	P07339	proteoscore	+	0.442896	0.417442323984
P09668	CTSH	other	proteoscore	+	0.411401	P09668	proteoscore	+	0.318586	0.131066598986
P07711	CTSL	other	proteoscore	+	0.813976	P07711	proteoscore	+	0.371516	0.30240510761600004
P25774	CTSS	other	proteoscore	+	0.336552	P25774	proteoscore	+	0.396547	0.133458685944
Q13618	CUL3	other	proteoscore	+	-0.260954	Q13618	proteoscore	+	-0.339803	0.08867295206200002
P13498	CYBA	other	proteoscore	+	-0.796849	P13498	proteoscore	+	-1.90651	1.51920058699
Q9UIK4	DAPK2	kin	VIPER	+	0.18743823485776223	Q9UIK4	VIPER	+	1.6786310485153575	0.31463964071115325
Q6PI48	DARS2	other	proteoscore	+	0.433222	Q6PI48	proteoscore	+	0.33892	0.14682760024
Q16643	DBN1	other	proteoscore	+	-0.359445	Q16643	proteoscore	+	-0.895873	0.322017070485
Q9H773	DCTPP1	other	proteoscore	+	-0.678685	Q9H773	proteoscore	+	-0.375046	0.25453809451
Q9NR30	DDX21	other	proteoscore	+	-0.861563	Q9NR30	proteoscore	+	-0.442915	0.381599176145
Q9GZR7	DDX24	other	proteoscore	+	-0.85267	Q9GZR7	proteoscore	+	-0.379843	0.32388073081
O00571	DDX3X	other	proteoscore	+	-0.602596	O00571	proteoscore	+	-0.325279	0.196011824284
Q7L014	DDX46	other	proteoscore	+	-0.213075	Q7L014	proteoscore	+	-0.299516	0.0638193717
P17844	DDX5	other	proteoscore	+	-0.987941	P17844	proteoscore	+	-0.939507	0.9281774850869999
Q15392	DHCR24	other	proteoscore	+	-0.937685	Q15392	proteoscore	+	-0.978496	0.91752102176
P49366	DHPS	other	proteoscore	+	-1.07084	P49366	proteoscore	+	-1.6531	1.770205604
Q7L2E3	DHX30	other	proteoscore	+	-0.520286	Q7L2E3	proteoscore	+	-0.577402	0.300414176972
Q9H2U1	DHX36	other	proteoscore	+	-0.611332	Q9H2U1	proteoscore	+	-0.372314	0.227607462248
O60610	DIAPH1	other	proteoscore	+	-0.292867	O60610	proteoscore	+	-0.579683	0.16977002116099998
Q9UPY3	DICER1	other	proteoscore	+	-0.434705	Q9UPY3	proteoscore	+	-0.275974	0.11996727767
P10515	DLAT	other	proteoscore	+	0.453788	P10515	proteoscore	+	0.426798	0.193675810824
Q15398	DLGAP5	other	proteoscore	+	-0.768174	Q15398	proteoscore	+	-1.28759	0.9890931606600001
Q9NXW2	DNAJB12	other	proteoscore	+	-0.80406	Q9NXW2	proteoscore	+	-1.29501	1.0412657406
P50570	DNM2	other	proteoscore	+	0.288514	P50570	proteoscore	+	0.281809	0.081305841826
P26358;P26358	DNMT1	other	proteoscore	+	-0.861197	P26358;P26358	proteoscore	+	-0.772145	0.664968957565
Q9UBC3	DNMT3B	tf	proteoscore	+	-0.62452	Q9UBC3	proteoscore	+	-2.26645	1.4154433539999998
Q7L591	DOK3	other	proteoscore	+	0.692188	Q7L591	proteoscore	+	0.850684	0.588833256592
Q9H2P9	DPH5	other	proteoscore	+	-0.571974	Q9H2P9	proteoscore	+	-0.792544	0.453314561856
Q9Y295	DRG1	other	proteoscore	+	-0.241425	Q9Y295	proteoscore	+	-0.696665	0.168192347625
Q6XUX3	DSTYK	kin	VIPER	+	2.0208943171682194	Q6XUX3	VIPER	+	5.290923491517453	10.692397216579455
Q9NZJ0	DTL	other	proteoscore	+	-0.699453	Q9NZJ0	proteoscore	+	-2.10741	1.4740342467299998
P33316	DUT	other	proteoscore	+	-0.368155	P33316	proteoscore	+	-0.547311	0.20149528120500002
Q92997	DVL3	other	proteoscore	+	-0.590466	Q92997	proteoscore	+	-0.67105	0.3962322093
Q13627	DYRK1A	kin	VIPER	NA	-0.6857456205656816	Q13627	VIPER	+	-1.672149218382489	1.1466690034381193
Q9Y463	DYRK1B	kin	VIPER	+	-1.03007380041452	Q9Y463	VIPER	+	-1.296390118531476	1.3353774962155474
Q92630;Q92630	DYRK2	kin	VIPER	+	-0.9858859340292647	Q92630;Q92630	VIPER	+	-1.2141399049334507	1.1970034542175176
Q9NR20	DYRK4	kin	VIPER	+	-1.0874809231764955	Q9NR20	VIPER+PhosphoScore	+	-1.2073330277427292	1.3129516355911366
P42892;P42892	ECE1	other	proteoscore	+	-0.687067	P42892;P42892	proteoscore	+	-0.358938	0.24661445484599998
P24534	EEF1B2	other	proteoscore	+	-0.343808	P24534	proteoscore	+	-0.35302	0.12137110016
P29692	EEF1D	other	proteoscore	+	-0.345129	P29692	proteoscore	+	-0.317877	0.10970857113300002
P26641	EEF1G	other	proteoscore	+	-0.523391	P26641	proteoscore	+	-0.539697	0.28247255252700004
P13639	EEF2	other	proteoscore	+	-0.622686	P13639	proteoscore	+	-0.708734	0.44131873952399997
P00533	EGFR	kin	VIPER	+	-3.211905736090507	P00533	VIPER	+	-2.192820386478144	7.043132377545353
P47813	EIF1AX	other	proteoscore	+	-0.580384	P47813	proteoscore	+	-0.573586	0.332900137024
Q9BQI3	EIF2AK1	kin	proteoscore	+	0.947005	Q9BQI3	proteoscore	+	1.26475	1.19772457375
P05198	EIF2S1	other	proteoscore	+	-0.282583	P05198	proteoscore	+	-0.391162	0.110535731446
P41091	EIF2S3	other	proteoscore	+	-0.493447	P41091	proteoscore	+	-0.37706	0.18605912582
Q14152	EIF3A	other	proteoscore	+	-0.622714	Q14152	proteoscore	+	-0.53917	0.33574870738
P55884	EIF3B	other	proteoscore	+	-0.683811	P55884	proteoscore	+	-0.317607	0.21718316027699996
O15371	EIF3D	other	proteoscore	+	-0.595983	O15371	proteoscore	+	-0.599312	0.357179763696
P60228	EIF3E	other	proteoscore	+	-0.605011	P60228	proteoscore	+	-0.755201	0.456904912211
O00303	EIF3F	other	proteoscore	+	-0.604466	O00303	proteoscore	+	-0.458491	0.277142220806
O75821	EIF3G	other	proteoscore	+	-0.642166	O75821	proteoscore	+	-0.755128	0.484917527248
O15372	EIF3H	other	proteoscore	+	-0.659328	O15372	proteoscore	+	-0.420767	0.27742346457600003
Q13347	EIF3I	other	proteoscore	+	-0.648122	Q13347	proteoscore	+	-0.566331	0.36705158038200003
O75822	EIF3J	other	proteoscore	+	-0.510927	O75822	proteoscore	+	-0.777452	0.397221218004
Q9UBQ5	EIF3K	other	proteoscore	+	-0.859619	Q9UBQ5	proteoscore	+	-0.519006	0.446147418714
Q9Y262	EIF3L	other	proteoscore	+	-0.431991	Q9Y262	proteoscore	+	-0.514366	0.22220148270600001
Q7L2H7	EIF3M	other	proteoscore	+	-0.995812	Q7L2H7	proteoscore	+	-0.594356	0.591866837072
P60842	EIF4A1	other	proteoscore	+	-0.621007	P60842	proteoscore	+	-0.652985	0.405508255895
P23588	EIF4B	other	proteoscore	+	-0.596285	P23588	proteoscore	+	-0.527995	0.314835498575
Q04637	EIF4G1	other	proteoscore	+	-0.676168	Q04637	proteoscore	+	-1.04728	0.7081372230399999
P78344	EIF4G2	other	proteoscore	+	-0.770998	P78344	proteoscore	+	-0.422719	0.325915503562
Q15056	EIF4H	other	proteoscore	+	-0.425284	Q15056	proteoscore	+	-1.03855	0.44167869820000005
P55010	EIF5	other	proteoscore	+	-0.319078	P55010	proteoscore	+	-0.259211	0.082708527458
O60841	EIF5B	other	proteoscore	+	-0.369661	O60841	proteoscore	+	-0.468683	0.17325382646300003
P55199	ELL	other	proteoscore	+	-0.591165	P55199	proteoscore	+	-0.48403	0.28614159495
Q9NYP7	ELOVL5	other	proteoscore	+	-2.01773	Q9NYP7	proteoscore	+	-1.9701	3.9751298729999993
Q2NKX8	ERCC6L	other	proteoscore	+	-0.529689	Q2NKX8	proteoscore	+	-0.62458	0.33083315562
Q96PL5	ERMAP	other	proteoscore	+	3.32709	Q96PL5	proteoscore	+	0.81721	2.7189312189
P13804	ETFA	other	proteoscore	+	0.489058	P13804	proteoscore	+	0.427157	0.208904548106
P38117	ETFB	other	proteoscore	+	0.556656	P38117	proteoscore	+	0.301898	0.16805333308800002
Q93063	EXT2	other	proteoscore	+	-0.510591	Q93063	proteoscore	+	-1.85674	0.9480347333400001
Q9Y624	F11R	other	proteoscore	+	0.659257	Q9Y624	proteoscore	+	0.62533	0.41225317981000004
Q01469	FABP5	other	proteoscore	+	-0.561226	Q01469	proteoscore	+	-0.211604	0.11875766650399999
Q8IXL6	FAM20C	kin	VIPER	+	1.903199453990206	Q8IXL6	VIPER	+	4.995759662714756	9.507927062345018
Q9BXW9	FANCD2	other	proteoscore	+	-0.634634	Q9BXW9	proteoscore	+	-0.488439	0.30997999632600004
Q9NVI1	FANCI	other	proteoscore	+	-0.852548	Q9NVI1	proteoscore	+	-0.822846	0.701515711608
P49327	FASN	other	proteoscore	+	-0.648291	P49327	proteoscore	+	-0.527277	0.34182893360699995
Q9NYY8	FASTKD2	other	proteoscore	+	-0.518632	Q9NYY8	proteoscore	+	-0.672403	0.34872971269599995
Q96IG2	FBXL20	other	proteoscore	+	0.806816	Q96IG2	proteoscore	+	0.475442	0.38359421267199995
Q8NEZ5	FBXO22	other	proteoscore	+	-0.860675	Q8NEZ5	proteoscore	+	-0.316416	0.2723313408
Q9UKT4	FBXO5	other	proteoscore	+	-0.802704	Q9UKT4	proteoscore	+	-2.43801	1.9570003790399997
Q9Y613	FHOD1	other	proteoscore	+	-0.249361	Q9Y613	proteoscore	+	-0.444922	0.110946194842
Q9Y3D6	FIS1	other	proteoscore	+	0.434729	Q9Y3D6	proteoscore	+	0.454098	0.197409569442
Q02790	FKBP4	other	proteoscore	+	-0.369676	Q02790	proteoscore	+	-0.299367	0.110668795092
Q8NFG4	FLCN	other	PhosphoScore	+	-1.66033	Q8NFG4	PhosphoScore	+	-1.2594	2.0910196020000003
P51114	FXR1	other	proteoscore	+	-0.318288	P51114	proteoscore	+	-0.371659	0.11829459979200001
P06241	FYN	kin	VIPER	+	-3.674748078833192	P06241	VIPER	+	-0.7120763659392767	2.616701257717878
Q13283	G3BP1	other	proteoscore	+	-0.448482	Q13283	proteoscore	+	-0.681293	0.30554764722600003
Q9UN86	G3BP2	other	proteoscore	+	-0.37636	Q9UN86	proteoscore	+	-0.546467	0.20566832012
P60520	GABARAPL2	other	proteoscore	+	-0.593888	P60520	proteoscore	+	-0.906556	0.538392729728
O14976	GAK	kin	VIPER	+	-2.123785781669602	O14976	VIPER	NA	-1.477649905040176	3.1382118586097634
Q86YP4	GATAD2A	other	proteoscore	+	-0.377702	Q86YP4	proteoscore	+	-0.621275	0.23465681005
P48506	GCLC	other	proteoscore	+	0.723983	P48506	proteoscore	+	0.381232	0.27600548705600003
Q06210;Q06210	GFPT1	other	proteoscore	+	-0.219887	Q06210;Q06210	proteoscore	+	-0.990411	0.21777850355700001
Q92820	GGH	other	proteoscore	+	0.506119	Q92820	proteoscore	+	0.318151	0.16102226596900002
Q9H3C7	GGNBP2	other	proteoscore	+	-1.21731	Q9H3C7	proteoscore	+	-0.756577	0.92098874787
Q6Y7W6	GIGYF2	other	proteoscore	+	-0.531085	Q6Y7W6	proteoscore	+	-0.76701	0.40734750585
P32189	GK	kin	proteoscore	+	0.637591	P32189	proteoscore	+	1.13679	0.72480707289
O94925;O94925	GLS	other	proteoscore	+	-0.362495	O94925;O94925	proteoscore	+	-0.655752	0.23770682124
P00367	GLUD1	other	proteoscore	+	0.304271	P00367	proteoscore	+	0.617999	0.188039173729
P15104	GLUL	other	proteoscore	+	-1.55801	P15104	proteoscore	+	-1.83203	2.8543210602999998
O75496	GMNN	tf	proteoscore	+	-1.90801	O75496	proteoscore	+	-4.34043	8.281583844299998
Q9Y223	GNE	kin	proteoscore	+	-0.307982	Q9Y223	proteoscore	+	-1.09897	0.33846297853999996
Q9H4A6	GOLPH3	other	proteoscore	+	-0.535672	Q9H4A6	proteoscore	+	-0.309524	0.16580334012800002
P00505	GOT2	other	proteoscore	+	0.313325	P00505	proteoscore	+	0.265271	0.083116036075
Q13098	GPS1	other	proteoscore	+	-0.24608	Q13098	proteoscore	+	-0.273625	0.06733364
O75791	GRAP2	other	proteoscore	+	-0.546189	O75791	proteoscore	+	-0.534561	0.291971338029
Q15835	GRK1	kin	VIPER	+	0.4458540067373475	Q15835	VIPER	+	1.9803097286553712	0.8829290271019467
P25098	GRK2	kin	VIPER	+	1.0820085305861609	P25098	VIPER	+	3.1841803996124254	3.445310355305895
P35626	GRK3	kin	VIPER	+	1.6926023785878175	P35626	VIPER	+	3.5196234518382767	5.957323026314932
P32298	GRK4	kin	VIPER	+	2.3106342700058264	P32298	VIPER	+	4.620422974976837	10.676107667903752
P34947	GRK5	kin	VIPER	+	1.3793882361804317	P34947	VIPER	+	3.677562232438007	5.072786081246433
P43250	GRK6	kin	VIPER	+	2.17330515241846	P43250	VIPER	+	2.5261749363482062	5.490149005075932
Q8WTQ7	GRK7	kin	VIPER	+	0.4555284161624075	Q8WTQ7	VIPER	+	1.5111710008433206	0.688381332564718
Q12849	GRSF1	other	proteoscore	+	-0.477188	Q12849	proteoscore	+	-0.956967	0.456653168796
P49840	GSK3A	kin	VIPER+PhosphoScore	+	-0.48919117438295173	P49840	VIPER	+	-1.2201649334877525	0.5968939167537698
P52655	GTF2A1	other	proteoscore	+	-0.407845	P52655	proteoscore	+	-3.97774	1.6223013703
Q00403	GTF2B	other	proteoscore	+	-0.470945	Q00403	proteoscore	+	-0.449093	0.211498102885
P29084	GTF2E2	other	proteoscore	+	-0.555572	P29084	proteoscore	+	-0.325399	0.18078257322799998
Q13888	GTF2H2	other	proteoscore	+	-0.70082	Q13888	proteoscore	+	-0.910812	0.63831526584
Q9UKN8	GTF3C4	other	proteoscore	+	-0.327497	Q9UKN8	proteoscore	+	-0.313605	0.102704696685
Q9Y5Q8	GTF3C5	other	proteoscore	+	-0.300448	Q9Y5Q8	proteoscore	+	-0.257165	0.07726470992
Q7Z4H7	HAUS6	other	proteoscore	+	-0.359287	Q7Z4H7	proteoscore	+	-0.467349	0.167912420163
P02100	HBE1	other	proteoscore	+	2.44885	P02100	proteoscore	+	0.318714	0.7804827789000001
O60381	HBP1	tf	PhosphoScore	+	2.27146	O60381	PhosphoScore	+	3.35123	7.6121848958
P08631	HCK	kin	VIPER	+	-5.137115947963029	P08631	VIPER	+	-1.6347229011945321	8.39776108622682
Q92769	HDAC2	other	PhosphoScore	+	-1.51756	Q92769	PhosphoScore	+	-4.72423	7.169302478800001
Q00341	HDLBP	other	proteoscore	+	-0.302391	Q00341	proteoscore	+	-0.75932	0.22961153412000002
Q9ULT8	HECTD1	other	proteoscore	+	-1.67755	Q9ULT8	proteoscore	+	-0.85925	1.4414348375000001
Q9Y4D8	HECTD4	other	proteoscore	+	0.520059	Q9Y4D8	proteoscore	+	0.581287	0.302303535933
Q86Z02	HIPK1	kin	VIPER	+	-1.5295514595981632	Q86Z02	VIPER	+	-1.479996378836596	2.263730621449511
Q9H2X6	HIPK2	kin	VIPER	+	-0.7010691283182503	Q9H2X6	VIPER	+	-0.8007109398705805	0.5613537206499548
Q9H422	HIPK3	kin	VIPER	+	-1.2608968211133802	Q9H422	VIPER	+	-0.9603715459613584	1.2109294293904194
Q8NE63	HIPK4	kin	VIPER	+	-1.0565636186445393	Q8NE63	VIPER	+	-0.46218152130444096	0.4883241806200584
P52789	HK2	kin	proteoscore	+	-1.25086	P52789	proteoscore	+	-0.623192	0.7795259451200001
P04035	HMGCR	other	proteoscore	+	-1.02845	P04035	proteoscore	+	-1.98326	2.039683747
P30519	HMOX2	other	proteoscore	+	-0.262609	P30519	proteoscore	+	-0.830374	0.21806368576599997
P55795	HNRNPH2	other	proteoscore	+	0.503898	P55795	proteoscore	+	0.356806	0.179793829788
P17483	HOXB4	tf	proteoscore	+	-1.23837	P17483	proteoscore	+	-1.75687	2.1756551019
P08238	HSP90AB1	other	proteoscore	+	-0.438691	P08238	proteoscore	+	-0.779588	0.341998239308
P11142	HSPA8	other	proteoscore	+	-0.522645	P11142	proteoscore	+	-0.590869	0.308814728505
Q92598	HSPH1	other	proteoscore	+	-0.580513	Q92598	proteoscore	+	-0.712361	0.413534821193
P42858	HTT	other	PhosphoScore	+	2.29101	P42858	proteoscore	+	0.266198	0.60986227998
P57058	HUNK	kin	VIPER	+	1.3638394337108843	P57058	VIPER	+	1.9397310328005615	2.6454816733261466
P41134	ID1	other	proteoscore	+	-1.97513	P41134	proteoscore	+	-2.33413	4.6102101869
P14735	IDE	other	proteoscore	+	-0.213526	P14735	proteoscore	+	-0.439173	0.093774853998
P48735	IDH2	other	proteoscore	+	0.595603	P48735	proteoscore	+	0.355177	0.21154448673100001
P78318	IGBP1	other	proteoscore	+	-0.379107	P78318	proteoscore	+	-0.745153	0.282492718371
O14920	IKBKB	kin	VIPER	+	-0.16585304845196863	O14920	VIPER	+	-0.535733484793178	0.08885303161074494
Q14164	IKBKE	kin	VIPER	+	-0.2530936973694595	Q14164	VIPER	+	-1.3815749267228115	0.34966790639721645
Q13422	IKZF1	tf	proteoscore	+	-0.47571600000000003	Q13422	proteoscore	+	-0.255559	0.121573505244
Q13418	ILK	kin	VIPER	+	0.006099962218461208	Q13418	VIPER	+	0.0318807107505386	1.9447113107597553e-4
Q9NQS7	INCENP	other	proteoscore	+	-1.1547	Q9NQS7	proteoscore	+	-1.4959	1.7273157300000002
Q9ULG1	INO80	other	proteoscore	+	0.487493	Q9ULG1	proteoscore	+	0.305914	0.149130933602
Q92835	INPP5D	other	proteoscore	+	1.55746	Q92835	proteoscore	+	0.3146	0.489976916
P06213;P06213	INSR	kin	VIPER	+	-2.2156525657898953	P06213;P06213	VIPER	+	-1.6197979596663084	3.5889095053958937
Q9NV88	INTS9	other	proteoscore	+	-0.310829	Q9NV88	proteoscore	+	-0.863852	0.268510253308
O00410	IPO5	other	proteoscore	+	-0.407314	O00410	proteoscore	+	-0.610827	0.248798388678
P51617	IRAK1	kin	VIPER	+	1.7958153259665366	P51617	VIPER	+	1.3999808282671098	2.5141070274614017
Q9NWZ3	IRAK4	kin	VIPER	+	2.4380284164794657	Q9NWZ3	VIPER	NA	0.930852410470668	2.269444628275896
Q7Z5L9	IRF2BP2	tf	proteoscore	+	-0.622832	Q7Z5L9	proteoscore	+	-0.64204	0.39988305728000006
Q9Y4H2	IRS2	other	PhosphoScore	+	1.47074	Q9Y4H2	PhosphoScore	+	4.115805	6.0532790457
P08514	ITGA2B	other	proteoscore	+	-1.02022	P08514	proteoscore	+	-0.759064	0.7744122740799999
P17535	JUND	tf	proteoscore	+	-1.07647	P17535	proteoscore	+	-3.03698	3.2692178606
P14923	JUP	tf	proteoscore	+	-0.331212	P14923	proteoscore	+	-0.395227	0.130903925124
Q9Y2K7	KDM2A	tf	proteoscore	+	-0.705993	Q9Y2K7	proteoscore	+	-0.498822	0.352164840246
P23276	KEL	other	proteoscore	+	1.90761	P23276	proteoscore	+	1.35711	2.5888366071
P52732	KIF11	other	proteoscore	+	-1.12741	P52732	proteoscore	+	-1.26089	1.4215399949
O95235	KIF20A	other	proteoscore	+	-0.732916	O95235	proteoscore	+	-1.11854	0.81979586264
Q14807	KIF22	other	proteoscore	+	-0.875066	Q14807	proteoscore	+	-1.02584	0.8976777054400001
O95239	KIF4A	other	proteoscore	+	-0.258981	O95239	proteoscore	+	-0.473695	0.122678004795
Q9BW19	KIFC1	other	proteoscore	+	-0.854686	Q9BW19	proteoscore	+	-0.941418	0.8046167847479999
Q9Y448	KNSTRN	other	proteoscore	+	-0.752512	Q9Y448	proteoscore	+	-2.88437	2.1705230374399997
P50748	KNTC1	other	proteoscore	+	-0.45831	P50748	proteoscore	+	-0.670558	0.30732343698
P52292	KPNA2	other	proteoscore	+	-1.22823	P52292	proteoscore	+	-2.0289	2.491955847
O00629	KPNA4	other	PhosphoScore	+	-1.04617	O00629	PhosphoScore	+	-1.28271	1.3419327207
P13645	KRT10	other	proteoscore	+	-0.587549	P13645	proteoscore	+	-1.10708	0.65046374692
P13473	LAMP2	other	proteoscore	+	0.774612	P13473	proteoscore	+	0.946133	0.732885975396
Q9UHA4	LAMTOR3	other	proteoscore	+	0.346261	Q9UHA4	proteoscore	+	0.600441	0.207909301101
Q13571	LAPTM5	other	proteoscore	+	-3.36714	Q13571	proteoscore	+	-2.28451	7.6922650014
Q15031	LARS2	other	proteoscore	+	0.301476	Q15031	proteoscore	+	0.434446	0.13097504229600002
O95835	LATS1	kin	VIPER	+	0.2778860322539613	O95835	VIPER	+	1.84043985130673	0.5114325278816977
P06239	LCK	kin	VIPER	+	-2.657614881892085	P06239	VIPER	+	-0.6895442368459969	1.8325430255648416
P13796	LCP1	other	PhosphoScore	+	-1.77676	P13796	PhosphoScore	+	-2.60797	4.633736777199999
Q13094	LCP2	other	proteoscore	+	-1.16729	Q13094	proteoscore	+	-0.964685	1.12606715365
Q86U70	LDB1	tf	proteoscore	+	0.270271	Q86U70	proteoscore	+	0.642967	0.17377533405699996
P01130	LDLR	other	proteoscore	+	-1.78911	P01130	proteoscore	+	-1.05951	1.8955799360999999
P48357	LEPR	other	proteoscore	+	-0.667419	P48357	proteoscore	+	-2.13361	1.42401185259
P25791	LMO2	tf	proteoscore	+	1.82107	P25791	proteoscore	+	0.668954	1.21821206078
P36776	LONP1	other	proteoscore	+	0.508221	P36776	proteoscore	+	0.385031	0.19568083985100002
Q86WA8	LONP2	other	proteoscore	+	-0.670284	Q86WA8	proteoscore	+	-1.59284	1.06765516656
Q32MZ4	LRRFIP1	tf	proteoscore	+	-0.689033	Q32MZ4	proteoscore	+	-1.06017	0.73049211561
Q5S007	LRRK2	kin	VIPER	+	-1.442828892128117	Q5S007	VIPER	+	-0.7125278371064345	1.0280557498227203
O94822	LTN1	other	proteoscore	+	-0.508501	O94822	proteoscore	+	-0.514779	0.26176563627899996
P07948	LYN	kin	VIPER	+	-4.608745476339639	P07948	VIPER	+	-1.705321431076451	7.859392431178633
Q13257	MAD2L1	other	proteoscore	+	-0.809297	Q13257	proteoscore	+	-0.40122	0.32470614234000006
Q9H063	MAF1	other	PhosphoScore	+	1.091687	Q9H063	PhosphoScore	+	4.49518	4.907329568660001
P20794	MAK	kin	VIPER	+	-1.4482728015224038	P20794	VIPER	+	-1.813515387431702	2.6264650107596985
P46734	MAP2K3	kin	proteoscore	+	0.593626	P46734	proteoscore	+	0.277774	0.164893868524
O43283	MAP3K13	kin	VIPER	+	-3.001535859284674	O43283	VIPER	+	-4.512718560762938	13.545086582989482
Q6ZN16	MAP3K15	kin	VIPER	+	0.9627400156136462	Q6ZN16	VIPER	+	0.7412503852586623	0.7136314074775457
O43318	MAP3K7	kin	VIPER	+	0.5727984521329053	O43318	VIPER	+	1.8869265055741453	1.0808285816814223
P41279	MAP3K8	kin	VIPER	+	-1.5188600993216494	P41279	VIPER	+	-1.0558391370411213	1.6036719365539622
O95819	MAP4K4	kin	proteoscore	+	-0.341546	O95819	proteoscore	+	-0.531405	0.18149925213
P28482	MAPK1	kin	VIPER+PhosphoScore	+	-3.42670009807731	P28482	VIPER+PhosphoScore	+	-4.904877436683713	16.807543993341266
P53779	MAPK10	kin	VIPER	+	-2.4114666946882974	P53779	VIPER	+	-1.5026852913720552	3.623675532741691
P53778	MAPK12	kin	VIPER	NA	1.6326585326641765	P53778	VIPER	NA	0.5141855792756835	0.839489473377317
Q16539	MAPK14	kin	VIPER+PhosphoScore	+	-0.6480657369524054	Q16539	VIPER	NA	-1.6111050307760857	1.0441019690776319
Q8TD08	MAPK15	kin	VIPER	+	-1.591227712109595	Q8TD08	VIPER	+	-1.4630629048694794	2.32806623878788
P27361;P27361	MAPK3	kin	VIPER	+	-1.77798938032086	P27361;P27361	VIPER	+	-2.103354072181162	3.7397412033927413
P31152	MAPK4	kin	VIPER	+	-1.1139516020587132	P31152	VIPER	+	-1.1234431486085255	1.251461295214352
Q16659	MAPK6	kin	VIPER	+	-2.894444695035546	Q16659	VIPER	+	-2.697060418772155	7.806492221305413
P45984;P45984	MAPK9	kin	VIPER	+	-2.7801418871164816	P45984;P45984	VIPER	NA	-0.500019611582725	1.3901254665408473
P49137	MAPKAPK2	kin	VIPER	NA	0.7724736703176104	P49137	VIPER	+	1.2785336998062835	0.9876336197141137
Q16644	MAPKAPK3	kin	VIPER	+	1.399264236317713	Q16644	VIPER	+	1.0645589070330597	1.4895992060648335
Q8IW41	MAPKAPK5	kin	VIPER	+	1.5442586600512078	Q8IW41	VIPER	+	1.149174817147066	1.7746231632921199
Q9P0L2	MARK1	kin	VIPER	+	2.8678974494136606	Q9P0L2	VIPER	+	1.5541038264223908	4.457010399920785
Q7KZI7	MARK2	kin	VIPER	+	2.9585624274739803	Q7KZI7	VIPER	+	1.6599851608165244	4.911169726956122
P27448;P27448	MARK3	kin	VIPER	NA	1.5481000760955588	P27448;P27448	VIPER	NA	1.5148161433504075	2.3450869867915465
Q96L34	MARK4	kin	VIPER	+	2.408399060033502	Q96L34	VIPER	+	0.8594346213922658	2.0698615343213813
Q96GX5	MASTL	kin	VIPER	+	2.8063254402380005	Q96GX5	VIPER	+	0.9670748887963482	2.7139268630445272
Q7Z434	MAVS	other	proteoscore	+	0.434647	Q7Z434	proteoscore	+	0.343493	0.149298201971
Q8IVS2	MCAT	other	proteoscore	+	0.509218	Q8IVS2	proteoscore	+	0.317131	0.161488813558
P40926	MDH2	other	proteoscore	+	0.359542	P40926	proteoscore	+	0.281341	0.101153905822
Q9NU22	MDN1	other	proteoscore	+	-0.640413	Q9NU22	proteoscore	+	-0.224143	0.143544091059
Q14680	MELK	kin	VIPER	+	0.679592574957356	Q14680	VIPER	NA	1.2420734727562415	0.8441039096366395
Q08431	MFGE8	other	proteoscore	+	0.59584	Q08431	proteoscore	+	0.402314	0.23971477376000003
Q8IWI9	MGA	tf	proteoscore	+	-0.522209	Q8IWI9	proteoscore	+	-0.379652	0.198257691268
P46013	MKI67	other	proteoscore	+	-0.733657	P46013	proteoscore	+	-1.19946	0.87999222522
Q15773	MLF2	other	proteoscore	+	-0.486278	Q15773	proteoscore	+	-0.482816	0.23478279884800002
P40692	MLH1	other	proteoscore	+	-0.725423	P40692	proteoscore	+	-0.444931	0.32276318081300004
Q9UQ07	MOK	kin	VIPER	+	-2.725166160508372	Q9UQ07	VIPER	+	-1.2788015680400189	3.484946759227704
Q9UBU8	MORF4L1	other	proteoscore	+	-0.913009	Q9UBU8	proteoscore	+	-1.19771	1.09352000939
Q15014	MORF4L2	other	proteoscore	+	-0.879818	Q15014	proteoscore	+	-1.54898	1.36282048564
P00540	MOS	kin	VIPER	+	1.6608806848845057	P00540	VIPER	+	0.5886134891238253	0.9776167749482375
Q9HCE1	MOV10	other	proteoscore	+	0.22085	Q9HCE1	proteoscore	+	0.329822	0.0728411887
Q9BYD1	MRPL13	other	proteoscore	+	0.411465	Q9BYD1	proteoscore	+	0.368082	0.15145286013
Q9BZE1	MRPL37	other	proteoscore	+	0.342659	Q9BZE1	proteoscore	+	0.273337	0.093661383083
P82912	MRPS11	other	proteoscore	+	0.452443	P82912	proteoscore	+	0.534508	0.24183440304399997
P82675	MRPS5	other	proteoscore	+	0.219082	P82675	proteoscore	+	0.367849	0.080589094618
P13995	MTHFD2	other	proteoscore	+	-0.248047	P13995	proteoscore	+	-0.995178	0.24685091736599998
P42345	MTOR	kin	VIPER	NA	-0.965589501051894	P42345	VIPER	NA	-1.5717742847021547	1.5176887473317513
O75431	MTX2	other	proteoscore	+	0.310924	O75431	proteoscore	+	0.451786	0.140471110264
P01106	MYC	tf	PhosphoScore	+	-1.97509	P01106	PhosphoScore	+	-2.89835	5.724502101500001
Q86YV6	MYLK4	kin	VIPER	+	0.2540181659948074	Q86YV6	VIPER	+	1.9132132563622826	0.48599092253810033
Q9BXJ9	NAA15	other	proteoscore	+	-0.414261	Q9BXJ9	proteoscore	+	-0.371525	0.153908318025
Q15742	NAB2	tf	proteoscore	+	-0.583166	Q15742	proteoscore	+	-0.628102	0.366287730932
E9PAV3;Q13765	NACA	tf	proteoscore	+	-0.727908	E9PAV3;Q13765	proteoscore	+	-0.896531	0.652592087148
Q4G0N4	NADK2	kin	proteoscore	+	0.569915	Q4G0N4	proteoscore	+	0.66967	0.38165497805
O60934	NBN	other	PhosphoScore	+	0.564403	O60934	proteoscore	+	0.37683	0.21268398249
Q15021	NCAPD2	other	proteoscore	+	-0.272741	Q15021	proteoscore	+	-0.530482	0.14468419116200001
P42695	NCAPD3	other	proteoscore	+	-0.707362	P42695	proteoscore	+	-0.711433	0.503240669746
Q9BPX3	NCAPG	other	proteoscore	+	-0.368248	Q9BPX3	proteoscore	+	-0.482535	0.17769254868
Q86XI2	NCAPG2	other	proteoscore	+	-0.689444	Q86XI2	proteoscore	+	-0.562257	0.38764471510799997
O43639	NCK2	other	proteoscore	+	-0.496498	O43639	proteoscore	+	-1.65598	0.82219075804
Q9NV92	NDFIP2	other	proteoscore	+	-3.35501	Q9NV92	proteoscore	+	-1.37191	4.6027717691
O95168	NDUFB4	other	proteoscore	+	0.686127	O95168	proteoscore	+	0.394053	0.270370402731
O75306	NDUFS2	other	proteoscore	+	0.324537	O75306	proteoscore	+	0.498372	0.161740153764
P49821	NDUFV1	other	proteoscore	+	0.268731	P49821	proteoscore	+	0.257501	0.06919850123099999
Q8NC96	NECAP1	other	proteoscore	+	-0.844073	Q8NC96	proteoscore	+	-1.62818	1.3743027771399998
Q96PY6	NEK1	kin	VIPER	+	2.069819633330326	Q96PY6	VIPER	NA	0.5274800972553441	1.091788661490101
Q8NG66	NEK11	kin	VIPER	+	0.9250364582935077	Q8NG66	VIPER	+	1.4201716650790817	1.3137105672335472
P51955	NEK2	kin	VIPER	+	2.7218956920795834	P51955	VIPER	+	2.477713250185072	6.74407702188725
P51956	NEK3	kin	VIPER	+	2.1964720377740017	P51956	VIPER	+	0.56756832326729445	1.2466479515828877
P51957	NEK4	kin	VIPER	+	2.984183636413383	P51957	VIPER	+	1.6409761464095265	4.896974163860001
Q6P3R8	NEK5	kin	VIPER	+	2.963838206773075	Q6P3R8	VIPER	+	2.931682559349812	8.689032779531246
Q86SG6	NEK8	kin	VIPER	+	1.7411279422304369	Q86SG6	VIPER	+	1.6031106348458486	2.7912207208168818
Q8TD19	NEK9	kin	VIPER	+	4.270094538224318	Q8TD19	VIPER	+	2.8371989397400053	12.115107696439622
Q8NCF5	NFATC2IP	other	proteoscore	+	-0.492823	Q8NCF5	PhosphoScore	+	-1.19316	0.5880166906800001
Q12968	NFATC3	tf	proteoscore	+	-0.68836	Q12968	proteoscore	+	-0.500327	0.34440509371999994
O15226	NKRF	tf	proteoscore	+	-0.5239	O15226	proteoscore	+	-0.547981	0.28708724590000007
Q9UBE8	NLK	kin	VIPER	+	-4.454223747505265	Q9UBE8	VIPER	+	-0.8674204287449446	3.8636846727869307
Q14978	NOLC1	other	proteoscore	+	-0.626364	Q14978	proteoscore	+	-0.336526	0.21078777146400002
Q9Y314	NOSIP	other	proteoscore	+	-0.497276	Q9Y314	proteoscore	+	-1.01546	0.50496388696
P24468	NR2F2	tf	proteoscore	+	-1.07353	P24468	proteoscore	+	-0.623836	0.66970666108
Q16656	NRF1	tf	proteoscore	+	0.495533	Q16656	proteoscore	+	0.296866	0.14710689957800002
P46459	NSF	other	proteoscore	+	0.220684	P46459	proteoscore	+	0.27545	0.06078740779999999
O60285	NUAK1	kin	VIPER	+	0.9968533194369106	O60285	VIPER	+	1.3755537732142433	1.3712253448925857
Q9H093	NUAK2	kin	VIPER	+	1.5990917044415291	Q9H093	VIPER	+	1.8870428491402074	3.0175545659858134
Q9H1E3	NUCKS1	tf	proteoscore	+	2.03877	Q9H1E3	proteoscore	+	1.99013	4.0574173401
Q9Y266	NUDC	other	proteoscore	+	-0.315179	Q9Y266	proteoscore	+	-0.670381	0.21129001319899998
P57740	NUP107	other	proteoscore	+	-0.401881	P57740	proteoscore	+	-0.288586	0.115977230266
O75694	NUP155	other	proteoscore	+	-0.316642	O75694	proteoscore	+	-0.255601	0.080934011842
Q8TEM1	NUP210	other	proteoscore	+	0.283289	Q8TEM1	proteoscore	+	0.48187	0.13650847043
Q9BXS6	NUSAP1	other	proteoscore	+	-1.42547	Q9BXS6	proteoscore	+	-1.08234	1.5428431998
P04181	OAT	other	proteoscore	+	1.11797	P04181	proteoscore	+	0.507013	0.56682532361
Q02218	OGDH	other	proteoscore	+	0.271304	Q02218	proteoscore	+	0.546737	0.148331935048
O15294	OGT	other	proteoscore	+	-0.58584	O15294	proteoscore	+	-0.589324	0.34524957216
Q96CV9	OPTN	other	proteoscore	+	0.887301	Q96CV9	proteoscore	+	1.09568	0.97219795968
P11940	PABPC1	other	proteoscore	+	-0.765298	P11940	proteoscore	+	-0.615894	0.47134244641200007
Q86VP3	PACS2	other	proteoscore	+	1.38945	Q86VP3	proteoscore	+	1.40422	1.951093479
Q13153	PAK1	kin	VIPER	+	0.40178255236460436	Q13153	VIPER	+	1.4463318250966415	0.5811108922534851
O75914	PAK3	kin	VIPER	+	0.3660864479779054	O75914	VIPER	+	1.0332534399831772	0.3782600817043932
O96013	PAK4	kin	VIPER+PhosphoScore	+	1.1203049464380916	O96013	VIPER	+	1.7093992474483883	1.915048432353981
Q504Q3	PAN2	other	proteoscore	+	0.976679	Q504Q3	proteoscore	+	0.639709	0.624790346411
Q96KB5	PBK	kin	VIPER+PhosphoScore	+	-2.512687371115584	Q96KB5	VIPER+PhosphoScore	+	-2.384664164286824	5.991915529955401
Q96AQ6	PBXIP1	tf	proteoscore	+	1.59534	Q96AQ6	proteoscore	+	0.824014	1.31458249476
P05165	PCCA	other	proteoscore	+	0.719049	P05165	proteoscore	+	0.687628	0.49443822577200003
P05166	PCCB	other	proteoscore	+	0.549524	P05166	proteoscore	+	0.523352	0.287594484448
Q16822	PCK2	other	proteoscore	+	0.708003	Q16822	proteoscore	+	0.709898	0.5026099136940001
Q15154	PCM1	other	proteoscore	+	-0.642781	Q15154	proteoscore	+	-0.820939	0.527683991359
Q8WW12	PCNP	other	proteoscore	+	-0.302325	Q8WW12	proteoscore	+	-1.06259	0.32124752175
Q53EL6	PDCD4	other	proteoscore	+	2.30682	Q53EL6	proteoscore	+	1.02101	2.3552862882
P08559	PDHA1	other	PhosphoScore	+	-4.81553	P08559	PhosphoScore	+	-3.965	19.09357645
O00330	PDHX	other	proteoscore	+	0.453231	O00330	proteoscore	+	0.333662	0.151225961922
Q15118	PDK1	kin	VIPER	+	1.5975974569844298	Q15118	VIPER	+	1.8719151952150004	2.9905669555659973
Q6P996	PDXDC1	other	proteoscore	+	-0.255815	Q6P996	proteoscore	+	-0.329456	0.08427978664
Q8IZL8	PELP1	other	proteoscore	+	0.25027	Q8IZL8	proteoscore	+	0.341514	0.08547070877999999
O75381	PEX14	tf	proteoscore	+	-0.452941	O75381	proteoscore	+	-0.722489	0.327244890149
O15067	PFAS	other	proteoscore	+	-0.200204	O15067	proteoscore	+	-0.259514	0.051955740856
O60825	PFKFB2	kin	proteoscore	+	0.497144	O60825	proteoscore	+	1.35402	0.67314291888
Q16877	PFKFB4	kin	proteoscore	+	0.637218	Q16877	proteoscore	+	0.845016	0.538459405488
P00558	PGK1	kin	proteoscore	+	0.305951	P00558	proteoscore	+	0.326571	0.09991472402099999
Q99623	PHB2	other	proteoscore	+	0.245792	Q99623	proteoscore	+	0.330445	0.08122073744
Q16816	PHKG1	kin	VIPER	+	1.9003566393770654	Q16816	VIPER	+	1.2200470718242973	2.3185245532938508
P15735	PHKG2	kin	VIPER	+	2.555352926843176	P15735	VIPER	NA	1.6356620858721387	4.179693898459784
Q9P1Y6	PHRF1	other	proteoscore	+	-0.43071	Q9P1Y6	proteoscore	+	-1.08649	0.4679621079
Q8NEB9	PIK3C3	kin	proteoscore	+	0.260886	Q8NEB9	VIPER	NA	0.8660290253459912	0.22593484830641428
O00459	PIK3R2	other	proteoscore	+	0.570271	O00459	proteoscore	+	0.404528	0.230690587088
Q9BXM7	PINK1	kin	VIPER	+	-2.48731971903002	Q9BXM7	VIPER	+	-0.3284838985223191	0.8170444781784202
Q96BK5	PINX1	other	proteoscore	+	-1.71696	Q96BK5	proteoscore	+	-1.24591	2.1391776336
O43164	PJA2	other	proteoscore	+	-1.24187	O43164	proteoscore	+	-0.872749	1.08384080063
P30613	PKLR	kin	proteoscore	+	0.999239	P30613	proteoscore	+	0.290424	0.29020298733600003
Q99640	PKMYT1	kin	proteoscore	+	-0.51965	Q99640	VIPER	+	-5.551115123125783e-17	2.8846369737323127e-17
Q16512	PKN1	kin	VIPER+PhosphoScore	+	1.5816731178284191	Q16512	VIPER+PhosphoScore	+	0.33485412135682424	0.529629762144144
Q16513	PKN2	kin	VIPER	NA	1.2410166532887654	Q16513	VIPER	NA	0.5882177835303478	0.7299880651217677
P00747	PLG	other	proteoscore	+	1.03966	P00747	proteoscore	+	2.03974	2.1206360884
Q99541	PLIN2	other	proteoscore	+	0.791088	Q99541	proteoscore	+	2.21529	1.75248933552
Q9NYY3	PLK2	kin	VIPER	+	2.597249250907557	Q9NYY3	VIPER	+	4.160684526635621	10.80633477006703
Q9H4B4	PLK3	kin	VIPER	+	2.4064839362976502	Q9H4B4	VIPER	+	3.98628598411879	9.592933186270338
O00444	PLK4	kin	VIPER	+	0.8833734944478493	O00444	VIPER	+	1.221850741977206	1.079350559634102
P54277	PMS1	other	proteoscore	+	-0.914888	P54277	proteoscore	+	-2.1227	1.9420327576
P09884	POLA1	other	proteoscore	+	-0.796661	P09884	proteoscore	+	-0.796295	0.6343771709949999
Q14181	POLA2	other	proteoscore	+	-0.458355	Q14181	proteoscore	+	-0.943223	0.43233097816500005
Q07864	POLE	other	proteoscore	+	-0.483236	Q07864	proteoscore	+	-0.583119	0.28178409308400004
P54098	POLG	other	proteoscore	+	0.526203	P54098	proteoscore	+	0.737354	0.387997886862
Q9UHN1	POLG2	other	proteoscore	+	0.250519	Q9UHN1	proteoscore	+	0.51736	0.12960850984
O95602	POLR1A	other	proteoscore	+	-0.631919	O95602	proteoscore	+	-0.810848	0.512390257312
Q9H9Y6	POLR1B	other	proteoscore	+	-0.552063	Q9H9Y6	proteoscore	+	-0.54013	0.29818578818999997
O15160	POLR1C	other	proteoscore	+	-0.463341	O15160	proteoscore	+	-0.592607	0.274579119987
P0DPB6;P0DPB5	POLR1D	other	proteoscore	+	-0.509326	P0DPB6;P0DPB5	proteoscore	+	-0.41534	0.21154346083999997
P19388	POLR2E	other	proteoscore	+	-0.312246	P19388	proteoscore	+	-0.37878	0.11827253988000001
P62487	POLR2G	other	proteoscore	+	-0.325394	P62487	proteoscore	+	-0.384042	0.124964962548
P52434	POLR2H	other	proteoscore	+	-0.352543	P52434	proteoscore	+	-0.681725	0.24033737667500002
Q9BUI4	POLR3C	other	proteoscore	+	-0.425058	Q9BUI4	proteoscore	+	-0.305875	0.13001461575
O15318	POLR3G	other	proteoscore	+	-0.958568	O15318	proteoscore	+	-1.68821	1.61826408328
P14859	POU2F1	tf	proteoscore	+	0.493168	P14859	proteoscore	+	1.25228	0.61758442304
Q06203	PPAT	other	proteoscore	+	-0.295778	Q06203	proteoscore	+	-0.25941	0.07672777097999998
P36873	PPP1CC	other	proteoscore	+	-0.584438	P36873	proteoscore	+	-1.0948	0.6398427224000001
P67775	PPP2CA	phos	VIPER	NA	-0.6604617842583345	P67775	VIPER	+	-0.26029509122818906	0.1719149603862557
P30154	PPP2R1B	other	proteoscore	+	-0.364226	P30154	proteoscore	+	-0.311595	0.11349100047
P78395	PRAME	other	proteoscore	+	-1.21491	P78395	proteoscore	+	-1.58976	1.9314153216
P32119	PRDX2	other	proteoscore	+	0.272307	P32119	proteoscore	+	0.428085	0.11657054209500001
P30048	PRDX3	other	proteoscore	+	0.392717	P30048	proteoscore	+	0.431488	0.169452672896
P30044	PRDX5	other	proteoscore	+	0.690134	P30044	proteoscore	+	0.44336	0.30597781024
P49642	PRIM1	other	proteoscore	+	-0.634142	P49642	proteoscore	+	-0.866445	0.54944916519
P49643	PRIM2	other	proteoscore	+	-0.717751	P49643	proteoscore	+	-1.03096	0.7399725709600001
Q13131	PRKAA1	kin	VIPER	+	-0.23743104620464842	Q13131	VIPER	+	-0.22664862354673326	0.05381341980954439
P17612	PRKACA	kin	VIPER+PhosphoScore	+	1.7361051390344047	P17612	VIPER	+	0.40140307727320296	0.6968779452782319
P22694	PRKACB	kin	VIPER	NA	0.6122257280634087	P22694	VIPER	NA	0.17481664426175955	0.10702724731075766
P22612	PRKACG	kin	VIPER	+	-0.15757115380133302	P22612	VIPER	+	-0.3328507770954005	0.05244768099059257
P31323	PRKAR2B	other	PhosphoScore	+	-0.84338	P31323	PhosphoScore	+	-1.32496	1.1174447647999999
P05771;P05771	PRKCB	kin	VIPER+PhosphoScore	+	3.072218523330583	P05771;P05771	VIPER	NA	0.7020537781470425	2.156862621597564
Q05655	PRKCD	kin	VIPER	+	-1.6647892800585102	Q05655	VIPER	NA	-1.5428987882976843	2.56860136297325
P41743	PRKCI	kin	VIPER	+	0.5110494180339598	P41743	VIPER	+	0.02572138882587702	0.013144900790489647
Q15139	PRKD1	kin	VIPER	+	1.7902075503449768	Q15139	VIPER	+	1.828262260450035	3.272968902668427
Q9BZL6	PRKD2	kin	VIPER	+	0.49782166619205714	Q9BZL6	VIPER	NA	0.6181126102939563	0.307709849550859
O94806	PRKD3	kin	VIPER	+	0.7175559081045837	O94806	VIPER	+	0.5064783797480198	0.36342655371542854
P78527	PRKDC	kin	VIPER+PhosphoScore	+	1.785395694470932	P78527	VIPER	+	5.1388379500430945	9.174859150590772
Q13976;Q13976	PRKG1	kin	VIPER	+	-1.7023359856284164	Q13976;Q13976	VIPER	+	-1.7019754083447862	2.897333984279948
Q99873	PRMT1	other	proteoscore	+	-0.745787	Q99873	proteoscore	+	-0.298771	0.222819527777
O14744	PRMT5	tf	proteoscore	+	-0.264155	O14744	proteoscore	+	-0.319312	0.08434786135999998
O00232	PSMD12	other	proteoscore	+	-0.26524	O00232	proteoscore	+	-0.413383	0.10964570691999999
P48556	PSMD8	other	proteoscore	+	-0.274401	P48556	proteoscore	+	-0.520927	0.142942889727
P61289	PSME3	other	proteoscore	+	-0.479368	P61289	proteoscore	+	-0.84886	0.40691632048
P60484	PTEN	phos	VIPER	+	-2.5681822566063786	P60484	VIPER	+	-0.09169477133013437	0.23548888475363036
Q05397	PTK2	kin	VIPER	+	-1.5447756338935426	Q05397	VIPER	NA	-0.5161979219908878	0.797409972158003
P18031	PTPN1	phos	VIPER	+	-0.05522120258574585	P18031	VIPER	+	-0.08743949393437794	0.00482851400854538
Q06124;Q06124	PTPN11	phos	VIPER+PhosphoScore	+	-0.2820186447350864	Q06124;Q06124	VIPER+PhosphoScore	+	-0.6969159796265741	0.19654330006851153
P17706	PTPN2	phos	VIPER	+	-1.7215468306491362	P17706	proteoscore	+	-0.367704	0.6330196558170099
Q9Y3E5	PTRH2	other	proteoscore	+	-0.316978	Q9Y3E5	proteoscore	+	-0.335282	0.106277017796
Q14671	PUM1	other	proteoscore	+	-0.34354	Q14671	proteoscore	+	-0.649169	0.22301551826000002
Q00577	PURA	tf	proteoscore	+	0.28986	Q00577	proteoscore	+	0.330584	0.09582307824
Q6WKZ4	RAB11FIP1	other	proteoscore	+	-0.509224	Q6WKZ4	proteoscore	+	-0.745814	0.379786388336
Q8TBN0	RAB3IL1	other	proteoscore	+	1.39479	Q8TBN0	proteoscore	+	1.14658	1.5992383181999998
P61020	RAB5B	other	proteoscore	+	0.372482	P61020	proteoscore	+	0.690552	0.257218190064
P53611	RABGGTB	other	proteoscore	+	-1.12474	P53611	proteoscore	+	-0.685845	0.7713973053000001
Q9H0H5	RACGAP1	other	proteoscore	+	-0.906064	Q9H0H5	proteoscore	+	-0.933923	0.8461940090719999
Q9NS91	RAD18	other	proteoscore	+	-1.37285	Q9NS91	proteoscore	+	-1.29845	1.7825770825
Q06609	RAD51	other	proteoscore	+	-0.640152	Q06609	proteoscore	+	-1.23349	0.7896210904800001
P04049	RAF1	kin	VIPER+PhosphoScore	+	1.5334511054750612	P04049	VIPER+PhosphoScore	+	2.984891666961831	4.577185426425918
P06400	RB1	tf	PhosphoScore	+	-0.05728	P06400	proteoscore	+	-0.237778	0.01361992384
Q8IZV5	RDH10	other	proteoscore	+	-0.448339	Q8IZV5	proteoscore	+	-1.44564	0.64813679196
O43566	RGS14	other	proteoscore	+	-1.1842	O43566	proteoscore	+	-0.52143	0.6174774059999999
Q15382	RHEB	other	proteoscore	+	-0.489851	Q15382	proteoscore	+	-0.93461	0.45781964311
Q8IXI2	RHOT1	other	proteoscore	+	0.889867	Q8IXI2	proteoscore	+	0.553179	0.492255737193
Q8IXI1	RHOT2	other	proteoscore	+	0.299301	Q8IXI1	proteoscore	+	0.371072	0.111062220672
Q6R327	RICTOR	other	proteoscore	+	-0.291842	Q6R327	proteoscore	+	-0.538233	0.157078995186
Q9BRS2	RIOK1	kin	proteoscore	+	-0.730101	Q9BRS2	proteoscore	+	-0.681582	0.497623699782
Q9BVS4	RIOK2	kin	proteoscore	+	-0.672444	Q9BVS4	proteoscore	+	-0.792234	0.532732999896
Q13546	RIPK1	kin	VIPER	+	1.2898782600872056	Q13546	VIPER	+	1.7109250158037153	2.206884982524571
O43353	RIPK2	kin	VIPER	+	3.617152250942945	O43353	VIPER	+	0.9824175633675415	3.553553900700786
Q9Y572	RIPK3	kin	VIPER	+	1.697737539550633	Q9Y572	VIPER	+	1.3731975971036634	2.331329109823615
Q96TC7	RMDN3	other	proteoscore	+	0.304476	Q96TC7	proteoscore	+	0.465039	0.141593214564
Q5XPI4	RNF123	other	proteoscore	+	0.711077	Q5XPI4	proteoscore	+	0.632198	0.449541457246
Q8WVD3	RNF138	other	proteoscore	+	-0.796934	Q8WVD3	proteoscore	+	-0.580916	0.462951711544
Q8NC42	RNF149	other	proteoscore	+	-0.51027	Q8NC42	proteoscore	+	-0.842621	0.42996421767
Q96K19	RNF170	other	proteoscore	+	0.524136	Q96K19	proteoscore	+	0.627653	0.328975532808
Q9P0P0	RNF181	other	proteoscore	+	-0.860195	Q9P0P0	proteoscore	+	-2.01912	1.7368369284
Q969K3	RNF34	other	proteoscore	+	-0.696824	Q969K3	proteoscore	+	-1.15124	0.80221166176
Q9H6T3	RPAP3	other	proteoscore	+	-0.358331	Q9H6T3	proteoscore	+	-0.309477	0.110895202887
P62906	RPL10A	other	proteoscore	+	-0.348953	P62906	proteoscore	+	-0.470951	0.164339764303
P40429	RPL13A	other	proteoscore	+	-0.561654	P40429	proteoscore	+	-0.559219	0.314087588226
Q07020	RPL18	other	proteoscore	+	-0.326026	Q07020	proteoscore	+	-0.361529	0.117867853754
Q02543	RPL18A	other	proteoscore	+	-0.323812	Q02543	proteoscore	+	-0.59634	0.19310204807999998
P62829	RPL23	other	proteoscore	+	-0.275494	P62829	proteoscore	+	-0.426199	0.117415267306
P62750	RPL23A	other	proteoscore	+	-0.763092	P62750	proteoscore	+	-0.332088	0.253413696096
P83731	RPL24	other	proteoscore	+	-0.417879	P83731	proteoscore	+	-0.339624	0.14192173749599998
P61353	RPL27	other	proteoscore	+	-0.313832	P61353	proteoscore	+	-0.376072	0.118023427904
P39023	RPL3	other	proteoscore	+	-0.345839	P39023	proteoscore	+	-0.401433	0.138831187287
P62888	RPL30	other	proteoscore	+	-0.612463	P62888	proteoscore	+	-0.466968	0.28600062218399996
P62899	RPL31	other	proteoscore	+	-0.564001	P62899	proteoscore	+	-0.974892	0.5498400628919999
P62910	RPL32	other	proteoscore	+	-0.415183	P62910	proteoscore	+	-0.384165	0.159498777195
P49207	RPL34	other	proteoscore	+	-0.493234	P49207	proteoscore	+	-0.380754	0.187800818436
Q9Y3U8	RPL36	other	proteoscore	+	-0.702659	Q9Y3U8	proteoscore	+	-0.658612	0.46277964930800003
P46777	RPL5	other	proteoscore	+	-0.394086	P46777	proteoscore	+	-0.562245	0.22157288307
Q02878	RPL6	other	proteoscore	+	-0.297834	Q02878	proteoscore	+	-0.566139	0.16861544292599998
P62269	RPS18	other	proteoscore	+	-0.355336	P62269	proteoscore	+	-0.450079	0.159929271544
P60866	RPS20	other	proteoscore	+	-0.413973	P60866	proteoscore	+	-0.528666	0.21885345001799997
P62847	RPS24	other	proteoscore	+	-0.459126	P62847	proteoscore	+	-0.312233	0.143354288358
P62851	RPS25	other	proteoscore	+	-0.787908	P62851	proteoscore	+	-0.509561	0.40148718838800007
P42677	RPS27	other	proteoscore	+	-0.491482	P42677	proteoscore	+	-1.79666	0.8830260501199999
P61247	RPS3A	other	proteoscore	+	-0.289405	P61247	proteoscore	+	-0.383338	0.11093993389000001
P62701	RPS4X	other	proteoscore	+	-0.335724	P62701	proteoscore	+	-0.300857	0.101004915468
P46782	RPS5	other	proteoscore	+	-0.558392	P46782	proteoscore	+	-0.218858	0.122208556336
P62753	RPS6	other	PhosphoScore	+	-4.41719	P62753	PhosphoScore	+	-4.40974	19.4786594306
Q15418	RPS6KA1	kin	VIPER	+	-4.991287501612427	Q15418	VIPER	+	-1.3496549970067555	6.736516118048576
Q15349	RPS6KA2	kin	VIPER	+	-4.689625279126294	Q15349	VIPER	+	-0.9970717569815228	4.675892916643418
O75676	RPS6KA4	kin	VIPER	+	-2.6621725033708485	O75676	VIPER	+	-4.539229873661114	12.084212956140147
O75582	RPS6KA5	kin	VIPER	+	-1.8924511037279501	O75582	VIPER	NA	-1.241717553504945	2.349889754648803
Q9UK32	RPS6KA6	kin	VIPER	+	-4.836010870377832	Q9UK32	VIPER	+	-2.319061941627874	11.21500875879192
P23443;P23443	RPS6KB1	kin	VIPER+PhosphoScore	+	-3.4623367415076354	P23443;P23443	VIPER+PhosphoScore	+	-2.029574697131454	7.027071043512465
Q9UBS0	RPS6KB2	kin	VIPER	+	-4.091628458575021	Q9UBS0	VIPER	+	-0.4953896378883931	2.0269503404673235
P62241	RPS8	other	proteoscore	+	-0.438582	P62241	proteoscore	+	-0.38254	0.16777515828
P23921	RRM1	other	proteoscore	+	-0.709792	P23921	proteoscore	+	-0.816151	0.579297450592
P31350	RRM2	other	proteoscore	+	-1.64288	P31350	proteoscore	+	-2.56581	4.2153179328
Q9NYV6	RRN3	other	PhosphoScore	+	-2.93959	Q9NYV6	proteoscore	+	-1.46356	4.3022663404
Q01196;Q01196	RUNX1	tf	PhosphoScore	+	-1.0153	Q01196;Q01196	PhosphoScore	+	-0.778235	0.7901419955000001
Q99584	S100A13	other	proteoscore	+	0.681544	Q99584	proteoscore	+	0.590763	0.40263097807200005
P26447	S100A4	other	proteoscore	+	1.94844	P26447	proteoscore	+	0.381439	0.7432110051599999
Q9Y512	SAMM50	other	proteoscore	+	0.290799	Q9Y512	proteoscore	+	0.346035	0.10062663196499999
Q9NP81	SARS2	other	proteoscore	+	0.499826	Q9NP81	proteoscore	+	0.38375	0.19180822749999998
Q6UVJ0	SASS6	other	proteoscore	+	-1.08169	Q6UVJ0	proteoscore	+	-1.05882	1.1453150058000001
Q9UPW6	SATB2	tf	proteoscore	+	-0.596376	Q9UPW6	proteoscore	+	-0.593874	0.354172200624
Q8WTV0	SCARB1	other	proteoscore	+	-0.503971	Q8WTV0	proteoscore	+	-0.947815	0.4776712733649999
O00767	SCD	other	proteoscore	+	-1.31151	O00767	proteoscore	+	-2.79884	3.6707066484
Q6IQ49	SDE2	other	proteoscore	+	-0.541283	Q6IQ49	proteoscore	+	-1.56084	0.8448561577199999
P31040	SDHA	other	proteoscore	+	0.340016	P31040	proteoscore	+	0.546227	0.185725919632
P21912	SDHB	other	proteoscore	+	0.430349	P21912	proteoscore	+	0.332552	0.143113420648
O15027	SEC16A	other	proteoscore	+	-0.288414	O15027	proteoscore	+	-0.405853	0.11705368714200001
O94855	SEC24D	other	proteoscore	+	-0.335642	O94855	proteoscore	+	-0.47079	0.15801689718
P36955	SERPINF1	other	proteoscore	+	1.11426	P36955	proteoscore	+	4.29723	4.7882314998
Q9HBY8	SGK2	kin	VIPER	+	-1.0140366508588774	Q9HBY8	VIPER	+	-0.25191310934252825	0.25544912570514355
P29353;P29353	SHC1	other	PhosphoScore	+	-2.16875	P29353;P29353	PhosphoScore	+	-3.8416	8.331470000000001
Q8NEM2	SHCBP1	other	proteoscore	+	-1.37358	Q8NEM2	proteoscore	+	-1.58028	2.1706410024
P34897	SHMT2	other	proteoscore	+	0.311256	P34897	proteoscore	+	0.301438	0.09382438612799998
Q149N8	SHPRH	other	proteoscore	+	-0.52654	Q149N8	proteoscore	+	-0.856204	0.45082565416
Q8IXJ6;Q8IXJ6	SIRT2	other	proteoscore	+	0.611547	Q8IXJ6;Q8IXJ6	proteoscore	+	0.442493	0.270605266671
Q9NTG7	SIRT3	other	proteoscore	+	0.790204	Q9NTG7	proteoscore	+	1.0028	0.7924165712
Q8IX90	SKA3	other	proteoscore	+	-0.602841	Q8IX90	proteoscore	+	-1.77612	1.0707179569199998
Q13309	SKP2	other	proteoscore	+	-1.44074	Q13309	PhosphoScore	+	-4.005415	5.7707616071
Q9P270	SLAIN2	other	proteoscore	+	-1.26196	Q9P270	proteoscore	+	-1.22818	1.5499140328
Q14493	SLBP	other	proteoscore	+	-1.09489	Q14493	proteoscore	+	-0.748537	0.81956567593
P55011	SLC12A2	other	proteoscore	+	-0.439016	P55011	proteoscore	+	-1.30369	0.57234076904
P41440	SLC19A1	other	proteoscore	+	-1.7253	P41440	proteoscore	+	-1.54948	2.673317844
Q15758	SLC1A5	other	proteoscore	+	-0.623138	Q15758	proteoscore	+	-1.25714	0.7833717053199999
Q8WUM9	SLC20A1	other	proteoscore	+	-3.24235	Q8WUM9	proteoscore	+	-2.882	9.3444527
P53007	SLC25A1	other	proteoscore	+	0.797859	P53007	proteoscore	+	0.43682	0.34852076837999996
O75746	SLC25A12	other	proteoscore	+	0.283226	O75746	proteoscore	+	0.474809	0.13447825383399997
O43772	SLC25A20	other	proteoscore	+	0.660456	O43772	proteoscore	+	0.625334	0.41300559230399997
P12235	SLC25A4	other	proteoscore	+	0.429196	P12235	proteoscore	+	0.461931	0.198258937476
Q6PML9	SLC30A9	tf	proteoscore	+	0.64211	Q6PML9	proteoscore	+	0.524604	0.33685347443999997
Q9H2H9	SLC38A1	other	proteoscore	+	-1.62048	Q9H2H9	proteoscore	+	-1.54508	2.5037712383999997
Q96QD8	SLC38A2	other	proteoscore	+	-1.65914	Q96QD8	proteoscore	+	-3.16244	5.2469307016
Q8IWA5	SLC44A2	other	proteoscore	+	0.802505	Q8IWA5	proteoscore	+	1.80556	1.4489709278
P02730	SLC4A1	other	proteoscore	+	1.767	P02730	proteoscore	+	2.9626	5.2349141999999995
P19634	SLC9A1	other	PhosphoScore	+	-2.40427	P19634	PhosphoScore	+	-3.88076	9.330394845199999
Q9H2G2	SLK	kin	VIPER+PhosphoScore	+	1.2948821100097456	Q9H2G2	VIPER	+	1.5307788440258605	1.9821781395104856
P51531	SMARCA2	tf	proteoscore	+	0.332709	P51531	proteoscore	+	0.518904	0.172644030936
Q9H4L7	SMARCAD1	other	proteoscore	+	-0.379898	Q9H4L7	proteoscore	+	-0.320016	0.12157343836800001
Q9NZC9	SMARCAL1	other	proteoscore	+	0.473379	Q9NZC9	proteoscore	+	0.323606	0.153188284674
Q96Q15	SMG1	kin	VIPER	+	2.833255478032997	Q96Q15	VIPER	+	5.600571635969772	15.867850267727581
P17405	SMPD1	other	proteoscore	+	2.41475	P17405	proteoscore	+	1.25209	3.0234843275
Q9NRH2	SNRK	kin	VIPER	+	1.984708449657967	Q9NRH2	VIPER	+	1.3705736362355523	2.7201890767151453
O95149	SNUPN	other	proteoscore	+	-0.538309	O95149	proteoscore	+	-0.401681	0.21622849742900002
P04179	SOD2	other	proteoscore	+	0.378796	P04179	proteoscore	+	0.467054	0.17691818698400003
Q96R06	SPAG5	other	proteoscore	+	-0.779688	Q96R06	proteoscore	+	-0.793418	0.618618493584
Q96EA4	SPDL1	other	proteoscore	+	-1.35216	Q96EA4	proteoscore	+	-3.67952	4.975299763200001
Q9C004	SPRY4	other	proteoscore	+	-0.99228	Q9C004	proteoscore	+	-1.02896	1.0210164288
P02549	SPTA1	other	proteoscore	+	1.55576	P02549	proteoscore	+	0.528039	0.8215019546400001
Q13501	SQSTM1	kin	proteoscore	+	-0.95892	Q13501	proteoscore	+	-0.498321	0.47784997332
P12931	SRC	kin	VIPER+PhosphoScore	+	-2.3699764283340596	P12931	VIPER	NA	-1.027478571207646	2.4350999943804794
Q8WYL5	SSH1	phos	PhosphoScore	+	-1.58126	Q8WYL5	VIPER	+	-0.6740869473748683	1.0659067264059843
P42229	STAT5A	tf	PhosphoScore	+	-4.26878	P42229	PhosphoScore	+	-3.42862	14.636024483599998
P42226	STAT6	tf	proteoscore	+	0.785665	P42226	proteoscore	+	0.870898	0.68423407717
O75716	STK16	kin	VIPER	+	-0.1415991826601864	O75716	VIPER	+	-0.9272083236885567	0.13129194079002116
Q9P289	STK26	kin	proteoscore	+	-0.275579	Q9P289	proteoscore	+	-0.519189	0.14307758543100002
Q9BYT3	STK33	kin	VIPER	+	0.3930781651903561	Q9BYT3	VIPER	+	1.8099317667685546	0.711444658001123
P16949	STMN1	other	PhosphoScore	+	0.7354769999999999	P16949	PhosphoScore	+	4.61709	3.39576350193
Q9NRL3	STRN4	other	proteoscore	+	-0.542552	Q9NRL3	proteoscore	+	-0.356053	0.193177267256
Q9UNE7	STUB1	other	proteoscore	+	-0.573878	Q9UNE7	proteoscore	+	-0.654684	0.37570874455200004
O43463	SUV39H1	other	proteoscore	+	-0.653504	O43463	proteoscore	+	-1.6063	1.0497234752
P43405	SYK	kin	VIPER	+	-1.1494139492033835	P43405	VIPER	+	-1.9508123535597823	2.2422909314598964
O75410	TACC1	tf	proteoscore	+	-0.792202	O75410	proteoscore	+	-0.796589	0.631059398978
Q9Y6A5	TACC3	other	proteoscore	+	-1.16092	Q9Y6A5	proteoscore	+	-2.29625	2.66576255
Q9BW92	TARS2	other	proteoscore	+	0.479818	Q9BW92	proteoscore	+	0.47548	0.22814386264000003
Q9UHD2	TBK1	kin	VIPER	+	2.5851887369342115	Q9UHD2	VIPER	+	1.6648490095804733	4.303948908263517
P17987	TCP1	other	proteoscore	+	-0.303153	P17987	proteoscore	+	-0.414817	0.125753018001
P42680	TEC	kin	proteoscore	+	-0.461258	P42680	PhosphoScore	+	-7.7717	3.5847587986000002
Q9Y4R8	TELO2	other	proteoscore	+	-0.544337	Q9Y4R8	proteoscore	+	-0.464597	0.252897337189
Q01664	TFAP4	tf	proteoscore	+	-1.5111	Q01664	proteoscore	+	-2.33817	3.533208687
Q9H5Q4	TFB2M	tf	proteoscore	+	-1.37399	Q9H5Q4	proteoscore	+	-1.55875	2.1417069125
P36897	TGFBR1	kin	VIPER	+	1.6304291773235786	P36897	VIPER	+	3.6597457753587324	5.96695629373158
P37173	TGFBR2	kin	VIPER	+	1.8734203436367172	P37173	VIPER	+	1.0143906096813224	1.9003800045710422
Q99595	TIMM17A	other	proteoscore	+	-1.78323	Q99595	proteoscore	+	-1.25515	2.2382211345000003
P04183	TK1	kin	proteoscore	+	-0.640413	P04183	proteoscore	+	-1.33456	0.85466957328
Q9UKI8	TLK1	kin	VIPER	+	2.997785485149738	Q9UKI8	VIPER	+	3.837009407758448	11.502531108961268
Q86UE8	TLK2	kin	VIPER	+	2.8157354793513405	Q86UE8	VIPER	+	4.6318906781044555	13.042178918815456
Q9NVH6	TMLHE	other	proteoscore	+	0.865555	Q9NVH6	proteoscore	+	1.17252	1.0148805485999999
O00220	TNFRSF10A	other	proteoscore	+	-2.81678	O00220	proteoscore	+	-1.70115	4.7917652969999995
Q9H0E2	TOLLIP	other	proteoscore	+	0.601975	Q9H0E2	proteoscore	+	2.75177	1.6564967457500002
P11388	TOP2A	other	PhosphoScore	+	-1.27796	P11388	proteoscore	+	-0.993891	1.27015294236
Q02880;Q02880	TOP2B	other	proteoscore	+	0.268561	Q02880;Q02880	proteoscore	+	0.39398	0.10580766277999999
Q92547	TOPBP1	other	proteoscore	+	-0.433257	Q92547	proteoscore	+	-0.797477	0.345512492589
P13693	TPT1	other	proteoscore	+	-0.80631	P13693	proteoscore	+	-0.739757	0.59647346667
Q9ULW0	TPX2	other	proteoscore	+	-1.83298	Q9ULW0	PhosphoScore	+	-2.362	4.32949876
Q96F44	TRIM11	other	proteoscore	+	-0.700497	Q96F44	proteoscore	+	-1.38316	0.96889943052
P14373	TRIM27	tf	proteoscore	+	-0.328502	P14373	proteoscore	+	-0.672389	0.22088113127800002
Q8NG06	TRIM58	other	proteoscore	+	0.834847	Q8NG06	proteoscore	+	0.868581	0.725132242107
Q96QT4	TRPM7	kin	VIPER	+	-0.05277065210394705	Q96QT4	VIPER	+	-1.2001727096728447	0.06333389652679713
Q96PF2	TSSK2	kin	VIPER	+	2.4364684777264487	Q96PF2	VIPER	+	1.9417710579311294	4.731063973610735
Q5TCY1	TTBK1	kin	VIPER	+	2.5624039962644076	Q5TCY1	VIPER	+	2.387469236490524	6.117660712541652
Q6IQ55	TTBK2	kin	VIPER	+	1.0147086028563357	Q6IQ55	VIPER	+	2.526042930828342	2.56319749309595
P33981	TTK	kin	VIPER	+	1.1964925078912185	P33981	VIPER	+	1.1685437736047146	1.3981538702609733
Q13885	TUBB2A	other	proteoscore	+	0.573177	Q13885	proteoscore	+	0.372509	0.213513591093
Q9H6E5	TUT1	other	proteoscore	+	-0.607913	Q9H6E5	proteoscore	+	-0.569704	0.346330467752
Q9H3M7	TXNIP	other	proteoscore	+	0.403675	Q9H3M7	proteoscore	+	1.30334	0.5261257745
P29597	TYK2	kin	proteoscore	+	0.380637	P29597	proteoscore	+	0.68696	0.26148239352
P04818	TYMS	other	proteoscore	+	-1.54505	P04818	proteoscore	+	-2.66927	4.1241556135
Q5T6F2	UBAP2	other	proteoscore	+	-0.708688	Q5T6F2	proteoscore	+	-0.826001	0.585376996688
Q14157	UBAP2L	other	proteoscore	+	-0.404124	Q14157	proteoscore	+	-0.656233	0.26519950489199995
P60604	UBE2G2	other	proteoscore	+	-0.606564	P60604	proteoscore	+	-0.488851	0.296519417964
Q8N2K1	UBE2J2	other	proteoscore	+	-1.80848	Q8N2K1	proteoscore	+	-0.618194	1.1179914851200001
Q16763	UBE2S	other	proteoscore	+	-2.33397	Q16763	proteoscore	+	-2.60305	6.0754406085
Q9NPD8	UBE2T	other	proteoscore	+	-1.918	Q9NPD8	proteoscore	+	-2.40282	4.60860876
Q9NPG3	UBN1	other	proteoscore	+	-0.763749	Q9NPG3	proteoscore	+	-0.544498	0.41585980300200004
Q9BZV1	UBXN6	other	proteoscore	+	0.805572	Q9BZV1	proteoscore	+	0.31896	0.25694524512
Q96T88;Q96T88	UHRF1	other	proteoscore	+	-0.829352	Q96T88;Q96T88	proteoscore	+	-1.71275	1.420472638
O75385	ULK1	kin	VIPER	+	0.4504275544981757	O75385	VIPER	+	2.1129934983234437	0.9517504941203738
Q8IYT8	ULK2	kin	VIPER	+	3.0954418032562296	Q8IYT8	VIPER	+	3.3009819081593728	10.217997390309039
P11172	UMPS	other	proteoscore	+	-0.295397	P11172	proteoscore	+	-0.224458	0.066304219826
Q92900	UPF1	other	proteoscore	+	-0.20435	Q92900	proteoscore	+	-0.26212800000000003	0.053565856800000006
P22695	UQCRC2	other	proteoscore	+	0.283836	P22695	proteoscore	+	0.269618	0.076527294648
O14949	UQCRQ	other	proteoscore	+	0.669015	O14949	proteoscore	+	0.41951	0.28065848265
Q14694	USP10	other	proteoscore	+	-0.521836	Q14694	proteoscore	+	-0.27693	0.14451204348
Q9Y5T5	USP16	tf	proteoscore	+	-0.53278	Q9Y5T5	proteoscore	+	-0.735574	0.39189911572
Q9BV40	VAMP8	other	PhosphoScore	+	-0.672738	Q9BV40	proteoscore	+	-1.45591	0.97944598158
Q8N3P4	VPS8	other	proteoscore	+	0.448115	Q8N3P4	proteoscore	+	0.695539	0.311681458985
Q99986	VRK1	kin	VIPER	+	1.7529289904695196	Q99986	VIPER	+	1.4178700262637136	2.4854254737554426
Q86Y07	VRK2	kin	VIPER	NA	-1.1187575086404948	Q86Y07	VIPER	+	-2.097091015608479	2.3461363200145073
P04004	VTN	other	proteoscore	+	0.71862	P04004	proteoscore	+	0.925084	0.66478386408
O75717	WDHD1	other	proteoscore	+	-0.328223	O75717	proteoscore	+	-0.321638	0.10556898927399999
P30291	WEE1	kin	VIPER	+	-0.9537965615824293	P30291	VIPER	NA	-0.6998717010128844	0.6675352219749352
Q9H4A3	WNK1	kin	VIPER	+	0.5632279518769011	Q9H4A3	VIPER	NA	1.700826974368343	0.9579532932704684
Q9BYP7	WNK3	kin	VIPER	+	1.495219435161031	Q9BYP7	VIPER	+	1.8808591268754868	2.8122971213042356
Q96J92	WNK4	kin	VIPER+PhosphoScore	+	1.7344937687928677	Q96J92	VIPER	+	1.913949243631006	3.319733036863802
Q01831	XPC	tf	proteoscore	+	0.269908	Q01831	proteoscore	+	0.27608	0.07451620063999999
Q9HAV4	XPO5	other	proteoscore	+	-0.420684	Q9HAV4	proteoscore	+	-0.506228	0.212962019952
O43542	XRCC3	other	proteoscore	+	-0.899005	O43542	proteoscore	+	-2.70343	2.4303970871500002
P67809	YBX1	other	PhosphoScore	+	-3.62908	P67809	PhosphoScore	+	-4.19005	15.206026654000002
Q9Y5A9	YTHDF2	other	proteoscore	+	-0.809628	Q9Y5A9	proteoscore	+	-0.912496	0.738782311488
O75152	ZC3H11A	other	proteoscore	+	-0.312553	O75152	proteoscore	+	-0.340482	0.10641867054600002
Q9C0B5	ZDHHC5	other	proteoscore	+	-0.523402	Q9C0B5	proteoscore	+	-0.809184	0.42352852396800006
Q8IX07	ZFPM1	tf	proteoscore	+	0.694269	Q8IX07	proteoscore	+	0.371152	0.257679327888
Q9HBF4	ZFYVE1	other	proteoscore	+	0.591328	Q9HBF4	proteoscore	+	0.770216	0.455450286848
O75362	ZNF217	tf	proteoscore	+	-1.11317	O75362	proteoscore	+	-0.839108	0.93406985236
O60281	ZNF292	tf	proteoscore	+	1.98589	O60281	proteoscore	+	0.562176	1.11641969664
Q86UK7	ZNF598	other	proteoscore	+	-0.543619	Q86UK7	proteoscore	+	-0.733357	0.398666798983
O95229	ZWINT	other	proteoscore	+	-1.25298	O95229	proteoscore	+	-1.13305	1.4196889889999997
