gene_name	drug_score	druggable	topology_score	degree	indegree	out_degree	n_paths_apo	n_paths_pro	activity	norm_degree	norm_indegree	norm_outdegree	norm_n_paths_apo	norm_n_paths_pro
IKBKB	0.5586918792948481	FALSE	0.5586918792948481	14	1	13	0.375	0.3	100	0.026549511775511864	0.14955506186451523	0.652739021790523	0.7854035396643351	0.647069893860019
MAPK12	0.5458128626564751	FALSE	0.5458128626564751	9	1	8	0.29166666666666663	0.41666666666666663	100	0.02257436365680437	0.14955506186451523	0.543457015946535	0.6312093667722604	0.8590300060425895
AXIN1	0.5452159994133756	FALSE	0.5452159994133756	7	3	4	0.5	0.21666666666666667	100	0.02038668178117486	0.29911012372903045	0.3980750690050269	1	0.48367880491944504
MYC	0.4815497073785877	FALSE	0.48154970737858765	18	8	10	0	0.41666666666666663	100	0.028867048815357257	0.47407832969657865	0.5930904937751824	0	0.8590300060425895
NR3C1	0.47267827895559267	FALSE	0.4726782789555926	12	4	8	0.5	0	100	0.025146562328054282	0.34725609987583544	0.543457015946535	1	0
EP300	0.44760655210575406	FALSE	0.44760655210575406	9	4	5	0.5	0	100	0.02257436365680437	0.34725609987583544	0.44317010854718086	1	0
CDK9	0.4435685625992912	FALSE	0.4435685625992912	6	1	5	0.25	0.29166666666666663	100	0.019077550480934444	0.14955506186451523	0.44317010854718086	0.5503397132132085	0.6312093667722604
TOPORS	0.4154293301405359	FALSE	0.4154293301405359	2	1	1	0.29166666666666663	0.3333333333333333	100	0.010770708712432448	0.14955506186451523	0.17144160057391344	0.6312093667722604	0.7095112913514545
PLK1	0.4125852350948922	FALSE	0.4125852350948922	32	3	29	0.10878657487091223	0.10906258523382918	100	0.034279485896730195	0.29911012372903045	0.8412451775522078	0.2546858891548566	0.25529974994347393
ATM	0.40822453198912373	FALSE	0.4082245319891237	27	4	23	0.10667058016388374	0.10650872219123753	100	0.03266867166838435	0.34725609987583544	0.7860533096950079	0.24997472907005944	0.24961398931559198
CREB1	0.40502669654186474	FALSE	0.4050266965418648	8	7	1	0	0.5	100	0.021541417424864897	0.4486651855935457	0.17144160057391344	0	1
MAPK14	0.4040157830890811	FALSE	0.40401578308908104	27	3	24	0.11194859307359308	0.11076995357510475	100	0.03266867166838435	0.29911012372903045	0.7961501380100539	0.2617092405423757	0.25909363007486413
RIPK1	0.3949805914990291	FALSE	0.3949805914990291	5	2	3	0.5	0	100	0.0175662693061574	0.23703916484828932	0.3428832011478269	1	0
CAMK1	0.39484611784910717	FALSE	0.39484611784910717	3	1	2	0.225	0.3055555555555555	100	0.013591121187449907	0.14955506186451523	0.2717285079732675	0.5005137062066327	0.6575871953520132
CDKN1A	0.3940237809061207	FALSE	0.3940237809061208	18	12	6	0.11746815985946421	0.11454296076779298	100	0.028867048815357257	0.5534194909725003	0.4812974212166097	0.2739213623635987	0.26745684907177436
CASP7	0.3882516607041689	FALSE	0.38825166070416894	3	1	2	0.225	0.29166666666666663	100	0.013591121187449907	0.14955506186451523	0.2717285079732675	0.5005137062066327	0.6312093667722604
PIP3	0.3869075327173855	FALSE	0.38690753271738554	5	1	4	0.5	0	100	0.0175662693061574	0.14955506186451523	0.3980750690050269	1	0
DVL2	0.383588668902239	FALSE	0.383588668902239	3	1	2	0.3333333333333333	0.17777777777777778	100	0.013591121187449907	0.14955506186451523	0.2717285079732675	0.7095112913514545	0.403559814419719
BCL2	0.37967442511243715	TRUE	0.3796744251124372	5	4	1	0.5	0	100	0.0175662693061574	0.34725609987583544	0.17144160057391344	1	0
PRKCD	0.3780047207391142	FALSE	0.3780047207391142	20	3	17	0.1062963340104474	0.10617479824028943	100	0.029848259193366894	0.29911012372903045	0.7148986165204483	0.24914055067643956	0.24886959203053852
MAPK8	0.37394864571791386	FALSE	0.37394864571791386	21	2	19	0.1120562110653574	0.10930970276442717	100	0.030304337778022706	0.23703916484828932	0.7409582701528539	0.2619479258414501	0.2558492220290622
NFKB1	0.3731095657530855	FALSE	0.3731095657530855	4	1	3	0.5	0	100	0.015778803063079414	0.14955506186451523	0.3428832011478269	1	0
VAV1	0.3553208924594456	FALSE	0.35532089245944565	3	1	2	0	0.5	100	0.013591121187449907	0.14955506186451523	0.2717285079732675	0	1
EGFR	0.3401781710046257	FALSE	0.3401781710046257	14	2	12	0.10386516362793735	0.10468669433965064	100	0.026549511775511864	0.23703916484828932	0.63440930810539	0.24371469708447865	0.24554951398034489
GIT1	0.3302491656096072	FALSE	0.33024916560960715	2	1	1	0	0.5	100	0.010770708712432448	0.14955506186451523	0.17144160057391344	0	1
UBTF	0.3302491656096072	FALSE	0.33024916560960715	2	1	1	0	0.5	100	0.010770708712432448	0.14955506186451523	0.17144160057391344	0	1
RPS6KA4	0.3256572451975535	FALSE	0.32565724519755346	4	1	3	0	0.3888888888888889	100	0.015778803063079414	0.14955506186451523	0.3428832011478269	0	0.8101907177778717
DNM2	0.3200874807634381	FALSE	0.3200874807634381	5	3	2	0	0.3333333333333333	100	0.0175662693061574	0.29911012372903045	0.2717285079732675	0	0.7095112913514545
BTK	0.31937122198519363	TRUE	0.31937122198519363	9	2	7	0.11509866637255173	0.11002305485064105	100	0.02257436365680437	0.23703916484828932	0.5143248017217403	0.2686862293172578	0.25743469205348724
MAPKAPK2	0.3142306809841737	FALSE	0.3142306809841737	11	1	10	0.10970163523167056	0.1100779804761528	100	0.024361829899882358	0.14955506186451523	0.5930904937751824	0.2567204428240897	0.25755672547290775
CAMKK1	0.31334927597744633	FALSE	0.31334927597744633	2	1	1	0.18333333333333335	0.23333333333333334	100	0.010770708712432448	0.14955506186451523	0.17144160057391344	0.41516596977885595	0.5172344716925007
AURKB	0.30999217877485863	FALSE	0.30999217877485863	11	1	10	0.10559920938072198	0.10656401196842373	100	0.024361829899882358	0.14955506186451523	0.5930904937751824	0.24758593753020355	0.24973722192953351
STK11	0.30609790527407865	FALSE	0.30609790527407865	10	1	9	0.10864346590909091	0.10710933803039066	100	0.023508777184297752	0.14955506186451523	0.5695166695789404	0.25436754754133456	0.2509523421115244
FADD	0.30456974104325285	FALSE	0.30456974104325285	4	2	2	0.3333333333333333	0	100	0.015778803063079414	0.23703916484828932	0.2717285079732675	0.7095112913514545	0
JAK1	0.30048738859094914	TRUE	0.30048738859094914	4	1	3	0	0.3333333333333333	100	0.015778803063079414	0.14955506186451523	0.3428832011478269	0	0.7095112913514545
NCOA2	0.30048738859094914	FALSE	0.30048738859094914	4	1	3	0.3333333333333333	0	100	0.015778803063079414	0.14955506186451523	0.3428832011478269	0.7095112913514545	0
MECOM	0.2947098744104506	FALSE	0.2947098744104506	5	1	4	0	0.29166666666666663	100	0.0175662693061574	0.14955506186451523	0.3980750690050269	0	0.6312093667722604
CALM1	0.2904560404682084	FALSE	0.2904560404682084	7	2	5	0.10080492424242424	0.10432729999659134	100	0.02038668178117486	0.23703916484828932	0.44317010854718086	0.23686788233331	0.2447470061440533
TANK	0.28268962850396423	FALSE	0.28268962850396423	2	0	2	0.41666666666666663	0	100	0.010770708712432448	0	0.2717285079732675	0.8590300060425895	0
TRADD	0.28091190744615063	FALSE	0.28091190744615063	4	1	3	0.29166666666666663	0	100	0.015778803063079414	0.14955506186451523	0.3428832011478269	0.6312093667722604	0
SMAD2	0.27949801419341436	FALSE	0.27949801419341436	3	2	1	0	0.3333333333333333	100	0.013591121187449907	0.23703916484828932	0.17144160057391344	0	0.7095112913514545
MAP2K4	0.27515057365729073	FALSE	0.27515057365729073	6	1	5	0.10928925690616338	0.10761267059176467	100	0.019077550480934444	0.14955506186451523	0.44317010854718086	0.25580376479055694	0.25207335942691006
GRK2	0.2711936301600269	FALSE	0.2711936301600269	6	2	4	0	0.2	100	0.019077550480934444	0.23703916484828932	0.3980750690050269	0	0.44966028678679143
PPP3CA	0.26999116089458314	FALSE	0.26999116089458314	6	1	5	0.10254306735788217	0.10510374199694589	100	0.019077550480934444	0.14955506186451523	0.44317010854718086	0.24075904186810476	0.24648043129853175
CASP3	0.26571003517373265	FALSE	0.26571003517373265	5	1	4	0.11021266132997977	0.1099867724867725	100	0.0175662693061574	0.14955506186451523	0.3980750690050269	0.257855933018319	0.2573540768070694
RAB7A	0.2647768465086913	FALSE	0.2647768465086913	4	2	2	0	0.25	100	0.015778803063079414	0.23703916484828932	0.2717285079732675	0	0.5503397132132085
RANBP3	0.2599225330486158	FALSE	0.2599225330486158	3	2	1	0	0.29166666666666663	100	0.013591121187449907	0.23703916484828932	0.17144160057391344	0	0.6312093667722604
FES	0.2576269884474708	FALSE	0.2576269884474708	2	1	1	0	0.3333333333333333	100	0.010770708712432448	0.14955506186451523	0.17144160057391344	0	0.7095112913514545
PIK3CB	0.2576269884474708	TRUE	0.2576269884474708	2	1	1	0.3333333333333333	0	100	0.010770708712432448	0.14955506186451523	0.17144160057391344	0.7095112913514545	0
TTC5	0.2576269884474708	FALSE	0.2576269884474708	2	1	1	0.3333333333333333	0	100	0.010770708712432448	0.14955506186451523	0.17144160057391344	0.7095112913514545	0
PPP3CB	0.24491943404474464	FALSE	0.24491943404474464	4	1	3	0.10254306735788217	0.10510374199694589	100	0.015778803063079414	0.14955506186451523	0.3428832011478269	0.24075904186810476	0.24648043129853175
CRKL	0.2429058207627478	FALSE	0.2429058207627478	3	1	2	0.25	0	100	0.013591121187449907	0.14955506186451523	0.2717285079732675	0.5503397132132085	0
GRB10	0.24014525394188227	FALSE	0.24014525394188224	4	3	1	0.10294466148124685	0.10595167819193793	100	0.015778803063079414	0.29911012372903045	0.17144160057391344	0.24165721325660944	0.24837207820797566
FLT3	0.2400296738941445	TRUE	0.2400296738941445	5	0	5	0.10984197951411066	0.11114050558495003	100	0.0175662693061574	0	0.44317010854718086	0.2570323372044191	0.2599162498249781
EZR	0.23970511965885283	FALSE	0.23970511965885283	3	2	1	0	0.25	100	0.013591121187449907	0.23703916484828932	0.17144160057391344	0	0.5503397132132085
RNF111	0.23805150730267224	FALSE	0.23805150730267227	2	1	1	0	0.29166666666666663	100	0.010770708712432448	0.14955506186451523	0.17144160057391344	0	0.6312093667722604
NUAK1	0.23587681522716727	FALSE	0.2358768152271673	3	1	2	0.11306964523945656	0.1102906641969142	100	0.013591121187449907	0.14955506186451523	0.2717285079732675	0.2641944831570402	0.25802920791384637
APOPTOSIS	0.23430741219633436	FALSE	0.23430741219633436	76	76	0	0	0	100	0.042586327665232196	0.9372296487853374	0	0	0
MAP2K3	0.23197876936310738	FALSE	0.23197876936310738	3	1	2	0.10840054403624086	0.10794104028399444	100	0.013591121187449907	0.14955506186451523	0.2717285079732675	0.25382708099596396	0.25280442661868285
BUB1	0.2298693852801687	FALSE	0.2298693852801687	3	1	2	0.10597988643965656	0.1065737781706368	100	0.013591121187449907	0.14955506186451523	0.2717285079732675	0.24843498259446986	0.24975898868842222
ILK	0.22878236700496596	FALSE	0.22878236700496596	4	0	4	0.11076205265955959	0.11026775182826139	100	0.015778803063079414	0	0.3980750690050269	0.25907608717626057	0.2579783118385764
PLCG2	0.2103380577681076	FALSE	0.2103380577681076	2	1	1	0.11222686044114616	0.1102906641969142	100	0.010770708712432448	0.14955506186451523	0.17144160057391344	0.2623263607201553	0.25802920791384637
RBPJ	0.2103380577681076	FALSE	0.2103380577681076	2	1	1	0.11222686044114616	0.1102906641969142	100	0.010770708712432448	0.14955506186451523	0.17144160057391344	0.2623263607201553	0.25802920791384637
PTPRC	0.20611642847523226	FALSE	0.20611642847523226	3	0	3	0.10145763921941933	0.10365839641271503	100	0.013591121187449907	0	0.3428832011478269	0.2383298272272139	0.2432526855258883
FOXN3	0.2060393971123756	FALSE	0.20603939711237557	2	1	1	0.10865337331817779	0.10613073086757298	100	0.010770708712432448	0.14955506186451523	0.17144160057391344	0.2543895876010163	0.24877133841005725
TAOK1	0.2030648204721702	FALSE	0.2030648204721702	2	1	1	0.10509659330952106	0.10435019723531473	100	0.010770708712432448	0.14955506186451523	0.17144160057391344	0.2464644772401911	0.24479814221006105
LRRK1	0.19266423730630503	FALSE	0.19266423730630503	2	1	1	0	0.2	100	0.010770708712432448	0.14955506186451523	0.17144160057391344	0	0.44966028678679143
RB1	0.18236935696515785	FALSE	0.18236935696515785	8	5	3	0	0	100	0.021541417424864897	0.3865942267128045	0.3428832011478269	0	0
PRKN	0.17429629818351433	FALSE	0.17429629818351433	7	3	4	0	0	100	0.02038668178117486	0.29911012372903045	0.3980750690050269	0	0
SP1	0.17289566175431095	FALSE	0.17289566175431095	8	6	2	0	0	100	0.021541417424864897	0.41985413904397634	0.2717285079732675	0	0
TNFRSF1A	0.1679888266951365	FALSE	0.16798882669513654	1	0	1	0.225	0	100	0.006795560593724954	0	0.17144160057391344	0.5005137062066327	0
MARK2	0.14498059149902906	FALSE	0.14498059149902906	5	2	3	0	0	100	0.0175662693061574	0.23703916484828932	0.3428832011478269	0	0
SNCA	0.1296744251124372	FALSE	0.1296744251124372	5	4	1	0	0	100	0.0175662693061574	0.34725609987583544	0.17144160057391344	0	0
DDX3X	0.1271919182053892	FALSE	0.1271919182053892	4	2	2	0	0	100	0.015778803063079414	0.23703916484828932	0.2717285079732675	0	0
TP63	0.1271919182053892	FALSE	0.1271919182053892	4	2	2	0	0	100	0.015778803063079414	0.23703916484828932	0.2717285079732675	0	0
PER2	0.12310956575308554	FALSE	0.12310956575308553	4	1	3	0	0	100	0.015778803063079414	0.14955506186451523	0.3428832011478269	0	0
RACGAP1	0.11763793107573597	FALSE	0.11763793107573597	4	3	1	0	0	100	0.015778803063079414	0.29911012372903045	0.17144160057391344	0	0
TET2	0.10532089245944568	FALSE	0.10532089245944568	3	1	2	0	0	100	0.013591121187449907	0.14955506186451523	0.2717285079732675	0	0
CEBPB	0.10532089245944568	FALSE	0.10532089245944568	3	1	2	0	0	100	0.013591121187449907	0.14955506186451523	0.2717285079732675	0	0
EEF2K	0.10496353476099408	FALSE	0.10496353476099408	6	6	0	0	0	100	0.019077550480934444	0.41985413904397634	0	0	0
GATA2	0.10496353476099408	FALSE	0.10496353476099408	6	6	0	0	0	100	0.019077550480934444	0.41985413904397634	0	0	0
RASA1	0.10212019135555069	FALSE	0.1021201913555507	3	2	1	0	0	100	0.013591121187449907	0.23703916484828932	0.17144160057391344	0	0
ADAM17	0.10212019135555069	FALSE	0.1021201913555507	3	2	1	0	0	100	0.013591121187449907	0.23703916484828932	0.17144160057391344	0	0
AMFR	0.10212019135555069	FALSE	0.1021201913555507	3	2	1	0	0	100	0.013591121187449907	0.23703916484828932	0.17144160057391344	0	0
RAF1	0.10212019135555069	FALSE	0.1021201913555507	3	2	1	0	0	100	0.013591121187449907	0.23703916484828932	0.17144160057391344	0	0
EIF2S1	0.09664855667820113	FALSE	0.09664855667820113	5	5	0	0	0	100	0.0175662693061574	0.3865942267128045	0	0	0
CDC25C	0.08681402496895886	FALSE	0.08681402496895886	4	4	0	0	0	100	0.015778803063079414	0.34725609987583544	0	0	0
HSF1	0.08681402496895886	FALSE	0.08681402496895886	4	4	0	0	0	100	0.015778803063079414	0.34725609987583544	0	0	0
PKM	0.08681402496895886	FALSE	0.08681402496895886	4	4	0	0	0	100	0.015778803063079414	0.34725609987583544	0	0	0
APAF1	0.08024916560960717	FALSE	0.08024916560960717	2	1	1	0	0	100	0.010770708712432448	0.14955506186451523	0.17144160057391344	0	0
ARHGDIA	0.08024916560960717	FALSE	0.08024916560960717	2	1	1	0	0	100	0.010770708712432448	0.14955506186451523	0.17144160057391344	0	0
BAK1	0.08024916560960717	FALSE	0.08024916560960717	2	1	1	0	0	100	0.010770708712432448	0.14955506186451523	0.17144160057391344	0	0
CHN2	0.08024916560960717	FALSE	0.08024916560960717	2	1	1	0	0	100	0.010770708712432448	0.14955506186451523	0.17144160057391344	0	0
SIK3	0.08024916560960717	FALSE	0.08024916560960717	2	1	1	0	0	100	0.010770708712432448	0.14955506186451523	0.17144160057391344	0	0
TSC	0.08024916560960717	FALSE	0.08024916560960717	2	1	1	0	0	100	0.010770708712432448	0.14955506186451523	0.17144160057391344	0	0
GABARAP	0.08024916560960717	FALSE	0.08024916560960717	2	1	1	0	0	100	0.010770708712432448	0.14955506186451523	0.17144160057391344	0	0
GEM	0.08024916560960717	FALSE	0.08024916560960717	2	1	1	0	0	100	0.010770708712432448	0.14955506186451523	0.17144160057391344	0	0
HSPA1A	0.08024916560960717	FALSE	0.08024916560960717	2	1	1	0	0	100	0.010770708712432448	0.14955506186451523	0.17144160057391344	0	0
IGF1R	0.08024916560960717	FALSE	0.08024916560960717	2	1	1	0	0	100	0.010770708712432448	0.14955506186451523	0.17144160057391344	0	0
IRAK3	0.08024916560960717	FALSE	0.08024916560960717	2	1	1	0	0	100	0.010770708712432448	0.14955506186451523	0.17144160057391344	0	0
LIMK2	0.08024916560960717	FALSE	0.08024916560960717	2	1	1	0	0	100	0.010770708712432448	0.14955506186451523	0.17144160057391344	0	0
NBR1	0.08024916560960717	FALSE	0.08024916560960717	2	1	1	0	0	100	0.010770708712432448	0.14955506186451523	0.17144160057391344	0	0
RLIM	0.08024916560960717	FALSE	0.08024916560960717	2	1	1	0	0	100	0.010770708712432448	0.14955506186451523	0.17144160057391344	0	0
TAL1	0.08024916560960717	FALSE	0.08024916560960717	2	1	1	0	0	100	0.010770708712432448	0.14955506186451523	0.17144160057391344	0	0
WDR45B	0.08024916560960717	FALSE	0.08024916560960717	2	1	1	0	0	100	0.010770708712432448	0.14955506186451523	0.17144160057391344	0	0
CFL1	0.07477753093225761	FALSE	0.07477753093225761	3	3	0	0	0	100	0.013591121187449907	0.29911012372903045	0	0	0
DOK1	0.07477753093225761	FALSE	0.07477753093225761	3	3	0	0	0	100	0.013591121187449907	0.29911012372903045	0	0	0
EIF4EBP1	0.07477753093225761	FALSE	0.07477753093225761	3	3	0	0	0	100	0.013591121187449907	0.29911012372903045	0	0	0
LRP6	0.07477753093225761	FALSE	0.07477753093225761	3	3	0	0	0	100	0.013591121187449907	0.29911012372903045	0	0	0
PIK3C3	0.07477753093225761	TRUE	0.07477753093225761	3	3	0	0	0	100	0.013591121187449907	0.29911012372903045	0	0	0
SLC7A11	0.07477753093225761	FALSE	0.07477753093225761	3	3	0	0	0	100	0.013591121187449907	0.29911012372903045	0	0	0
SNAI1	0.07477753093225761	FALSE	0.07477753093225761	3	3	0	0	0	100	0.013591121187449907	0.29911012372903045	0	0	0
TCF3	0.07477753093225761	FALSE	0.07477753093225761	3	3	0	0	0	100	0.013591121187449907	0.29911012372903045	0	0	0
DNMT3A	0.05925979121207234	TRUE	0.05925979121207233	2	2	0	0	0	100	0.010770708712432448	0.23703916484828932	0	0	0
FLI1	0.05925979121207234	FALSE	0.05925979121207233	2	2	0	0	0	100	0.010770708712432448	0.23703916484828932	0	0	0
HK2	0.05925979121207234	FALSE	0.05925979121207233	2	2	0	0	0	100	0.010770708712432448	0.23703916484828932	0	0	0
ITGB2	0.05925979121207234	FALSE	0.05925979121207233	2	2	0	0	0	100	0.010770708712432448	0.23703916484828932	0	0	0
ITGB3	0.05925979121207234	FALSE	0.05925979121207233	2	2	0	0	0	100	0.010770708712432448	0.23703916484828932	0	0	0
KAT5	0.05925979121207234	FALSE	0.05925979121207233	2	2	0	0	0	100	0.010770708712432448	0.23703916484828932	0	0	0
MAP4K1	0.05925979121207234	FALSE	0.05925979121207233	2	2	0	0	0	100	0.010770708712432448	0.23703916484828932	0	0	0
NFATC1	0.05925979121207234	FALSE	0.05925979121207233	2	2	0	0	0	100	0.010770708712432448	0.23703916484828932	0	0	0
PFKFB3	0.05925979121207234	FALSE	0.05925979121207233	2	2	0	0	0	100	0.010770708712432448	0.23703916484828932	0	0	0
PLEC	0.05925979121207234	FALSE	0.05925979121207233	2	2	0	0	0	100	0.010770708712432448	0.23703916484828932	0	0	0
PRPS2	0.05925979121207234	FALSE	0.05925979121207233	2	2	0	0	0	100	0.010770708712432448	0.23703916484828932	0	0	0
RPS3	0.05925979121207234	FALSE	0.05925979121207233	2	2	0	0	0	100	0.010770708712432448	0.23703916484828932	0	0	0
RPTOR	0.05925979121207234	FALSE	0.05925979121207233	2	2	0	0	0	100	0.010770708712432448	0.23703916484828932	0	0	0
MYLK	0.04286040014347837	FALSE	0.04286040014347836	1	0	1	0	0	100	0.006795560593724954	0	0.17144160057391344	0	0
PPARG	0.04286040014347837	FALSE	0.04286040014347836	1	0	1	0	0	100	0.006795560593724954	0	0.17144160057391344	0	0
ANGPT1	0.03738876546612881	FALSE	0.03738876546612881	1	1	0	0	0	100	0.006795560593724954	0.14955506186451523	0	0	0
APC	0.03738876546612881	FALSE	0.03738876546612881	1	1	0	0	0	100	0.006795560593724954	0.14955506186451523	0	0	0
CSRP1	0.03738876546612881	FALSE	0.03738876546612881	1	1	0	0	0	100	0.006795560593724954	0.14955506186451523	0	0	0
DAP	0.03738876546612881	FALSE	0.03738876546612881	1	1	0	0	0	100	0.006795560593724954	0.14955506186451523	0	0	0
DAPP1	0.03738876546612881	FALSE	0.03738876546612881	1	1	0	0	0	100	0.006795560593724954	0.14955506186451523	0	0	0
DHODH	0.03738876546612881	FALSE	0.03738876546612881	1	1	0	0	0	100	0.006795560593724954	0.14955506186451523	0	0	0
DNMT1	0.03738876546612881	TRUE	0.03738876546612881	1	1	0	0	0	100	0.006795560593724954	0.14955506186451523	0	0	0
DPYSL2	0.03738876546612881	FALSE	0.03738876546612881	1	1	0	0	0	100	0.006795560593724954	0.14955506186451523	0	0	0
ERCC6L	0.03738876546612881	FALSE	0.03738876546612881	1	1	0	0	0	100	0.006795560593724954	0.14955506186451523	0	0	0
ESPL1	0.03738876546612881	FALSE	0.03738876546612881	1	1	0	0	0	100	0.006795560593724954	0.14955506186451523	0	0	0
ETV6	0.03738876546612881	FALSE	0.03738876546612881	1	1	0	0	0	100	0.006795560593724954	0.14955506186451523	0	0	0
FLCN	0.03738876546612881	FALSE	0.03738876546612881	1	1	0	0	0	100	0.006795560593724954	0.14955506186451523	0	0	0
GAB1	0.03738876546612881	FALSE	0.03738876546612881	1	1	0	0	0	100	0.006795560593724954	0.14955506186451523	0	0	0
GPHN	0.03738876546612881	FALSE	0.03738876546612881	1	1	0	0	0	100	0.006795560593724954	0.14955506186451523	0	0	0
GRAP	0.03738876546612881	FALSE	0.03738876546612881	1	1	0	0	0	100	0.006795560593724954	0.14955506186451523	0	0	0
GSN	0.03738876546612881	FALSE	0.03738876546612881	1	1	0	0	0	100	0.006795560593724954	0.14955506186451523	0	0	0
HMGA2	0.03738876546612881	FALSE	0.03738876546612881	1	1	0	0	0	100	0.006795560593724954	0.14955506186451523	0	0	0
IMPDH1	0.03738876546612881	FALSE	0.03738876546612881	1	1	0	0	0	100	0.006795560593724954	0.14955506186451523	0	0	0
IMPDH2	0.03738876546612881	FALSE	0.03738876546612881	1	1	0	0	0	100	0.006795560593724954	0.14955506186451523	0	0	0
IRF5	0.03738876546612881	FALSE	0.03738876546612881	1	1	0	0	0	100	0.006795560593724954	0.14955506186451523	0	0	0
ITGAL	0.03738876546612881	FALSE	0.03738876546612881	1	1	0	0	0	100	0.006795560593724954	0.14955506186451523	0	0	0
KAT7	0.03738876546612881	FALSE	0.03738876546612881	1	1	0	0	0	100	0.006795560593724954	0.14955506186451523	0	0	0
KIF13B	0.03738876546612881	FALSE	0.03738876546612881	1	1	0	0	0	100	0.006795560593724954	0.14955506186451523	0	0	0
MAD2L1	0.03738876546612881	FALSE	0.03738876546612881	1	1	0	0	0	100	0.006795560593724954	0.14955506186451523	0	0	0
MARK3	0.03738876546612881	FALSE	0.03738876546612881	1	1	0	0	0	100	0.006795560593724954	0.14955506186451523	0	0	0
MED1	0.03738876546612881	FALSE	0.03738876546612881	1	1	0	0	0	100	0.006795560593724954	0.14955506186451523	0	0	0
MED13L	0.03738876546612881	FALSE	0.03738876546612881	1	1	0	0	0	100	0.006795560593724954	0.14955506186451523	0	0	0
MFN1	0.03738876546612881	FALSE	0.03738876546612881	1	1	0	0	0	100	0.006795560593724954	0.14955506186451523	0	0	0
MYBBP1A	0.03738876546612881	FALSE	0.03738876546612881	1	1	0	0	0	100	0.006795560593724954	0.14955506186451523	0	0	0
MYL6B	0.03738876546612881	FALSE	0.03738876546612881	1	1	0	0	0	100	0.006795560593724954	0.14955506186451523	0	0	0
MYO1C	0.03738876546612881	FALSE	0.03738876546612881	1	1	0	0	0	100	0.006795560593724954	0.14955506186451523	0	0	0
NACA	0.03738876546612881	FALSE	0.03738876546612881	1	1	0	0	0	100	0.006795560593724954	0.14955506186451523	0	0	0
NCK1	0.03738876546612881	FALSE	0.03738876546612881	1	1	0	0	0	100	0.006795560593724954	0.14955506186451523	0	0	0
NCOR1	0.03738876546612881	FALSE	0.03738876546612881	1	1	0	0	0	100	0.006795560593724954	0.14955506186451523	0	0	0
NCOR2	0.03738876546612881	FALSE	0.03738876546612881	1	1	0	0	0	100	0.006795560593724954	0.14955506186451523	0	0	0
NEDD1	0.03738876546612881	FALSE	0.03738876546612881	1	1	0	0	0	100	0.006795560593724954	0.14955506186451523	0	0	0
NFKB2	0.03738876546612881	FALSE	0.03738876546612881	1	1	0	0	0	100	0.006795560593724954	0.14955506186451523	0	0	0
NRBF2	0.03738876546612881	FALSE	0.03738876546612881	1	1	0	0	0	100	0.006795560593724954	0.14955506186451523	0	0	0
NUP50	0.03738876546612881	FALSE	0.03738876546612881	1	1	0	0	0	100	0.006795560593724954	0.14955506186451523	0	0	0
OGT	0.03738876546612881	FALSE	0.03738876546612881	1	1	0	0	0	100	0.006795560593724954	0.14955506186451523	0	0	0
PABPC1	0.03738876546612881	FALSE	0.03738876546612881	1	1	0	0	0	100	0.006795560593724954	0.14955506186451523	0	0	0
PCNA	0.03738876546612881	FALSE	0.03738876546612881	1	1	0	0	0	100	0.006795560593724954	0.14955506186451523	0	0	0
PLA2G4A	0.03738876546612881	FALSE	0.03738876546612881	1	1	0	0	0	100	0.006795560593724954	0.14955506186451523	0	0	0
PLSCR1	0.03738876546612881	FALSE	0.03738876546612881	1	1	0	0	0	100	0.006795560593724954	0.14955506186451523	0	0	0
POLR2A	0.03738876546612881	FALSE	0.03738876546612881	1	1	0	0	0	100	0.006795560593724954	0.14955506186451523	0	0	0
PPAT	0.03738876546612881	FALSE	0.03738876546612881	1	1	0	0	0	100	0.006795560593724954	0.14955506186451523	0	0	0
PPP1R12A	0.03738876546612881	FALSE	0.03738876546612881	1	1	0	0	0	100	0.006795560593724954	0.14955506186451523	0	0	0
RAD17	0.03738876546612881	FALSE	0.03738876546612881	1	1	0	0	0	100	0.006795560593724954	0.14955506186451523	0	0	0
RAD51	0.03738876546612881	FALSE	0.03738876546612881	1	1	0	0	0	100	0.006795560593724954	0.14955506186451523	0	0	0
SHMT1	0.03738876546612881	FALSE	0.03738876546612881	1	1	0	0	0	100	0.006795560593724954	0.14955506186451523	0	0	0
SHMT2	0.03738876546612881	FALSE	0.03738876546612881	1	1	0	0	0	100	0.006795560593724954	0.14955506186451523	0	0	0
SIRT4	0.03738876546612881	FALSE	0.03738876546612881	1	1	0	0	0	100	0.006795560593724954	0.14955506186451523	0	0	0
SLC19A1	0.03738876546612881	FALSE	0.03738876546612881	1	1	0	0	0	100	0.006795560593724954	0.14955506186451523	0	0	0
SMC3	0.03738876546612881	FALSE	0.03738876546612881	1	1	0	0	0	100	0.006795560593724954	0.14955506186451523	0	0	0
SPRY2	0.03738876546612881	FALSE	0.03738876546612881	1	1	0	0	0	100	0.006795560593724954	0.14955506186451523	0	0	0
SRI	0.03738876546612881	FALSE	0.03738876546612881	1	1	0	0	0	100	0.006795560593724954	0.14955506186451523	0	0	0
STAM2	0.03738876546612881	FALSE	0.03738876546612881	1	1	0	0	0	100	0.006795560593724954	0.14955506186451523	0	0	0
STIM1	0.03738876546612881	FALSE	0.03738876546612881	1	1	0	0	0	100	0.006795560593724954	0.14955506186451523	0	0	0
SYNE3	0.03738876546612881	FALSE	0.03738876546612881	1	1	0	0	0	100	0.006795560593724954	0.14955506186451523	0	0	0
TAB2	0.03738876546612881	FALSE	0.03738876546612881	1	1	0	0	0	100	0.006795560593724954	0.14955506186451523	0	0	0
TGFB1	0.03738876546612881	FALSE	0.03738876546612881	1	1	0	0	0	100	0.006795560593724954	0.14955506186451523	0	0	0
TIMELESS	0.03738876546612881	FALSE	0.03738876546612881	1	1	0	0	0	100	0.006795560593724954	0.14955506186451523	0	0	0
TRIOBP	0.03738876546612881	FALSE	0.03738876546612881	1	1	0	0	0	100	0.006795560593724954	0.14955506186451523	0	0	0
UHRF1	0.03738876546612881	FALSE	0.03738876546612881	1	1	0	0	0	100	0.006795560593724954	0.14955506186451523	0	0	0
WAS	0.03738876546612881	FALSE	0.03738876546612881	1	1	0	0	0	100	0.006795560593724954	0.14955506186451523	0	0	0
ZNF148	0.03738876546612881	FALSE	0.03738876546612881	1	1	0	0	0	100	0.006795560593724954	0.14955506186451523	0	0	0
ACTN4	-0	FALSE	0	0	0	0	0	0	-100	0	0	0	0	0
ARPC1B	0	FALSE	0	0	0	0	0	0	100	0	0	0	0	0
DYNLL1	-0	FALSE	0	0	0	0	0	0	-100	0	0	0	0	0
GLS	0	FALSE	0	0	0	0	0	0	100	0	0	0	0	0
PGM1	0	FALSE	0	0	0	0	0	0	100	0	0	0	0	0
REL	-0	FALSE	0	0	0	0	0	0	-100	0	0	0	0	0
RUNX3	0	FALSE	0	0	0	0	0	0	100	0	0	0	0	0
TBCB	0	FALSE	0	0	0	0	0	0	100	0	0	0	0	0
ACADM	-0.03738876546612881	FALSE	0.03738876546612881	1	1	0	0	0	-100	0.006795560593724954	0.14955506186451523	0	0	0
ACSS2	-0.03738876546612881	FALSE	0.03738876546612881	1	1	0	0	0	-100	0.006795560593724954	0.14955506186451523	0	0	0
ADD1	-0.03738876546612881	FALSE	0.03738876546612881	1	1	0	0	0	-100	0.006795560593724954	0.14955506186451523	0	0	0
ANP32A	-0.03738876546612881	FALSE	0.03738876546612881	1	1	0	0	0	-100	0.006795560593724954	0.14955506186451523	0	0	0
APLP2	-0.03738876546612881	FALSE	0.03738876546612881	1	1	0	0	0	-100	0.006795560593724954	0.14955506186451523	0	0	0
ARAF	-0.03738876546612881	FALSE	0.03738876546612881	1	1	0	0	0	-100	0.006795560593724954	0.14955506186451523	0	0	0
ARMC10	-0.03738876546612881	FALSE	0.03738876546612881	1	1	0	0	0	-100	0.006795560593724954	0.14955506186451523	0	0	0
ATG9A	-0.03738876546612881	FALSE	0.03738876546612881	1	1	0	0	0	-100	0.006795560593724954	0.14955506186451523	0	0	0
BCAR1	-0.03738876546612881	FALSE	0.03738876546612881	1	1	0	0	0	-100	0.006795560593724954	0.14955506186451523	0	0	0
CARM1	-0.03738876546612881	FALSE	0.03738876546612881	1	1	0	0	0	-100	0.006795560593724954	0.14955506186451523	0	0	0
CC2D1A	-0.03738876546612881	FALSE	0.03738876546612881	1	1	0	0	0	-100	0.006795560593724954	0.14955506186451523	0	0	0
CCDC50	-0.03738876546612881	FALSE	0.03738876546612881	1	1	0	0	0	-100	0.006795560593724954	0.14955506186451523	0	0	0
CCNT1	-0.03738876546612881	FALSE	0.03738876546612881	1	1	0	0	0	-100	0.006795560593724954	0.14955506186451523	0	0	0
CDC42	-0.03738876546612881	FALSE	0.03738876546612881	1	1	0	0	0	-100	0.006795560593724954	0.14955506186451523	0	0	0
CENPU	-0.03738876546612881	FALSE	0.03738876546612881	1	1	0	0	0	-100	0.006795560593724954	0.14955506186451523	0	0	0
CEP55	-0.03738876546612881	FALSE	0.03738876546612881	1	1	0	0	0	-100	0.006795560593724954	0.14955506186451523	0	0	0
CHD2	-0.03738876546612881	FALSE	0.03738876546612881	1	1	0	0	0	-100	0.006795560593724954	0.14955506186451523	0	0	0
CLSPN	-0.03738876546612881	FALSE	0.03738876546612881	1	1	0	0	0	-100	0.006795560593724954	0.14955506186451523	0	0	0
CTTN	-0.03738876546612881	FALSE	0.03738876546612881	1	1	0	0	0	-100	0.006795560593724954	0.14955506186451523	0	0	0
DES	-0.03738876546612881	FALSE	0.03738876546612881	1	1	0	0	0	-100	0.006795560593724954	0.14955506186451523	0	0	0
ENO1	-0.03738876546612881	FALSE	0.03738876546612881	1	1	0	0	0	-100	0.006795560593724954	0.14955506186451523	0	0	0
FHOD1	-0.03738876546612881	FALSE	0.03738876546612881	1	1	0	0	0	-100	0.006795560593724954	0.14955506186451523	0	0	0
G6PD	-0.03738876546612881	FALSE	0.03738876546612881	1	1	0	0	0	-100	0.006795560593724954	0.14955506186451523	0	0	0
HDAC6	-0.03738876546612881	FALSE	0.03738876546612881	1	1	0	0	0	-100	0.006795560593724954	0.14955506186451523	0	0	0
HIRA	-0.03738876546612881	FALSE	0.03738876546612881	1	1	0	0	0	-100	0.006795560593724954	0.14955506186451523	0	0	0
HSD17B10	-0.03738876546612881	FALSE	0.03738876546612881	1	1	0	0	0	-100	0.006795560593724954	0.14955506186451523	0	0	0
HSPA9	-0.03738876546612881	FALSE	0.03738876546612881	1	1	0	0	0	-100	0.006795560593724954	0.14955506186451523	0	0	0
KDM3B	-0.03738876546612881	FALSE	0.03738876546612881	1	1	0	0	0	-100	0.006795560593724954	0.14955506186451523	0	0	0
KHDRBS1	-0.03738876546612881	FALSE	0.03738876546612881	1	1	0	0	0	-100	0.006795560593724954	0.14955506186451523	0	0	0
KIF2C	-0.03738876546612881	FALSE	0.03738876546612881	1	1	0	0	0	-100	0.006795560593724954	0.14955506186451523	0	0	0
LARP6	-0.03738876546612881	FALSE	0.03738876546612881	1	1	0	0	0	-100	0.006795560593724954	0.14955506186451523	0	0	0
LARP7	-0.03738876546612881	FALSE	0.03738876546612881	1	1	0	0	0	-100	0.006795560593724954	0.14955506186451523	0	0	0
LDB1	-0.03738876546612881	FALSE	0.03738876546612881	1	1	0	0	0	-100	0.006795560593724954	0.14955506186451523	0	0	0
LDHB	-0.03738876546612881	FALSE	0.03738876546612881	1	1	0	0	0	-100	0.006795560593724954	0.14955506186451523	0	0	0
LMTK2	-0.03738876546612881	FALSE	0.03738876546612881	1	1	0	0	0	-100	0.006795560593724954	0.14955506186451523	0	0	0
LPIN1	-0.03738876546612881	FALSE	0.03738876546612881	1	1	0	0	0	-100	0.006795560593724954	0.14955506186451523	0	0	0
MSN	-0.03738876546612881	FALSE	0.03738876546612881	1	1	0	0	0	-100	0.006795560593724954	0.14955506186451523	0	0	0
NES	-0.03738876546612881	FALSE	0.03738876546612881	1	1	0	0	0	-100	0.006795560593724954	0.14955506186451523	0	0	0
NFE2	-0.03738876546612881	FALSE	0.03738876546612881	1	1	0	0	0	-100	0.006795560593724954	0.14955506186451523	0	0	0
OXSR1	-0.03738876546612881	FALSE	0.03738876546612881	1	1	0	0	0	-100	0.006795560593724954	0.14955506186451523	0	0	0
PARK7	-0.03738876546612881	FALSE	0.03738876546612881	1	1	0	0	0	-100	0.006795560593724954	0.14955506186451523	0	0	0
PGAM1	-0.03738876546612881	FALSE	0.03738876546612881	1	1	0	0	0	-100	0.006795560593724954	0.14955506186451523	0	0	0
PIK3R2	-0.03738876546612881	TRUE	0.03738876546612881	1	1	0	0	0	-100	0.006795560593724954	0.14955506186451523	0	0	0
PLD1	-0.03738876546612881	FALSE	0.03738876546612881	1	1	0	0	0	-100	0.006795560593724954	0.14955506186451523	0	0	0
POU2F1	-0.03738876546612881	FALSE	0.03738876546612881	1	1	0	0	0	-100	0.006795560593724954	0.14955506186451523	0	0	0
PRDX1	-0.03738876546612881	FALSE	0.03738876546612881	1	1	0	0	0	-100	0.006795560593724954	0.14955506186451523	0	0	0
PRKAR1A	-0.03738876546612881	FALSE	0.03738876546612881	1	1	0	0	0	-100	0.006795560593724954	0.14955506186451523	0	0	0
PTK7	-0.03738876546612881	FALSE	0.03738876546612881	1	1	0	0	0	-100	0.006795560593724954	0.14955506186451523	0	0	0
RALA	-0.03738876546612881	FALSE	0.03738876546612881	1	1	0	0	0	-100	0.006795560593724954	0.14955506186451523	0	0	0
RANBP2	-0.03738876546612881	FALSE	0.03738876546612881	1	1	0	0	0	-100	0.006795560593724954	0.14955506186451523	0	0	0
RANBP9	-0.03738876546612881	FALSE	0.03738876546612881	1	1	0	0	0	-100	0.006795560593724954	0.14955506186451523	0	0	0
RFX5	-0.03738876546612881	FALSE	0.03738876546612881	1	1	0	0	0	-100	0.006795560593724954	0.14955506186451523	0	0	0
RHOT2	-0.03738876546612881	FALSE	0.03738876546612881	1	1	0	0	0	-100	0.006795560593724954	0.14955506186451523	0	0	0
SOCS2	-0.03738876546612881	FALSE	0.03738876546612881	1	1	0	0	0	-100	0.006795560593724954	0.14955506186451523	0	0	0
TBL1XR1	-0.03738876546612881	FALSE	0.03738876546612881	1	1	0	0	0	-100	0.006795560593724954	0.14955506186451523	0	0	0
TSG101	-0.03738876546612881	FALSE	0.03738876546612881	1	1	0	0	0	-100	0.006795560593724954	0.14955506186451523	0	0	0
UBA1	-0.03738876546612881	FALSE	0.03738876546612881	1	1	0	0	0	-100	0.006795560593724954	0.14955506186451523	0	0	0
VAMP2	-0.03738876546612881	FALSE	0.03738876546612881	1	1	0	0	0	-100	0.006795560593724954	0.14955506186451523	0	0	0
WBP2	-0.03738876546612881	FALSE	0.03738876546612881	1	1	0	0	0	-100	0.006795560593724954	0.14955506186451523	0	0	0
WRN	-0.03738876546612881	FALSE	0.03738876546612881	1	1	0	0	0	-100	0.006795560593724954	0.14955506186451523	0	0	0
YWHAG	-0.03738876546612881	FALSE	0.03738876546612881	1	1	0	0	0	-100	0.006795560593724954	0.14955506186451523	0	0	0
ZDHHC5	-0.03738876546612881	FALSE	0.03738876546612881	1	1	0	0	0	-100	0.006795560593724954	0.14955506186451523	0	0	0
PPP1CC	-0.04286040014347837	FALSE	0.04286040014347836	1	0	1	0	0	-100	0.006795560593724954	0	0.17144160057391344	0	0
ARHGEF2	-0.05925979121207234	FALSE	0.05925979121207233	2	2	0	0	0	-100	0.010770708712432448	0.23703916484828932	0	0	0
CAPZA1	-0.05925979121207234	FALSE	0.05925979121207233	2	2	0	0	0	-100	0.010770708712432448	0.23703916484828932	0	0	0
CAV1	-0.05925979121207234	FALSE	0.05925979121207233	2	2	0	0	0	-100	0.010770708712432448	0.23703916484828932	0	0	0
CCDC88A	-0.05925979121207234	FALSE	0.05925979121207233	2	2	0	0	0	-100	0.010770708712432448	0.23703916484828932	0	0	0
CLIP1	-0.05925979121207234	FALSE	0.05925979121207233	2	2	0	0	0	-100	0.010770708712432448	0.23703916484828932	0	0	0
CRK	-0.05925979121207234	FALSE	0.05925979121207233	2	2	0	0	0	-100	0.010770708712432448	0.23703916484828932	0	0	0
DNM1	-0.05925979121207234	FALSE	0.05925979121207233	2	2	0	0	0	-100	0.010770708712432448	0.23703916484828932	0	0	0
E2F1	-0.05925979121207234	FALSE	0.05925979121207233	2	2	0	0	0	-100	0.010770708712432448	0.23703916484828932	0	0	0
EIF4G2	-0.05925979121207234	FALSE	0.05925979121207233	2	2	0	0	0	-100	0.010770708712432448	0.23703916484828932	0	0	0
HDAC7	-0.05925979121207234	FALSE	0.05925979121207233	2	2	0	0	0	-100	0.010770708712432448	0.23703916484828932	0	0	0
HMGA1	-0.05925979121207234	FALSE	0.05925979121207233	2	2	0	0	0	-100	0.010770708712432448	0.23703916484828932	0	0	0
ILF3	-0.05925979121207234	FALSE	0.05925979121207233	2	2	0	0	0	-100	0.010770708712432448	0.23703916484828932	0	0	0
IRF3	-0.05925979121207234	FALSE	0.05925979121207233	2	2	0	0	0	-100	0.010770708712432448	0.23703916484828932	0	0	0
JUP	-0.05925979121207234	FALSE	0.05925979121207233	2	2	0	0	0	-100	0.010770708712432448	0.23703916484828932	0	0	0
KRT8	-0.05925979121207234	FALSE	0.05925979121207233	2	2	0	0	0	-100	0.010770708712432448	0.23703916484828932	0	0	0
LASP1	-0.05925979121207234	FALSE	0.05925979121207233	2	2	0	0	0	-100	0.010770708712432448	0.23703916484828932	0	0	0
LMNA	-0.05925979121207234	FALSE	0.05925979121207233	2	2	0	0	0	-100	0.010770708712432448	0.23703916484828932	0	0	0
MFN2	-0.05925979121207234	FALSE	0.05925979121207233	2	2	0	0	0	-100	0.010770708712432448	0.23703916484828932	0	0	0
MUC1	-0.05925979121207234	FALSE	0.05925979121207233	2	2	0	0	0	-100	0.010770708712432448	0.23703916484828932	0	0	0
NFAT5	-0.05925979121207234	FALSE	0.05925979121207233	2	2	0	0	0	-100	0.010770708712432448	0.23703916484828932	0	0	0
NFKBIB	-0.05925979121207234	FALSE	0.05925979121207233	2	2	0	0	0	-100	0.010770708712432448	0.23703916484828932	0	0	0
PA2G4	-0.05925979121207234	FALSE	0.05925979121207233	2	2	0	0	0	-100	0.010770708712432448	0.23703916484828932	0	0	0
PI4KB	-0.05925979121207234	FALSE	0.05925979121207233	2	2	0	0	0	-100	0.010770708712432448	0.23703916484828932	0	0	0
RANGAP1	-0.05925979121207234	FALSE	0.05925979121207233	2	2	0	0	0	-100	0.010770708712432448	0.23703916484828932	0	0	0
RAP1GAP	-0.05925979121207234	FALSE	0.05925979121207233	2	2	0	0	0	-100	0.010770708712432448	0.23703916484828932	0	0	0
STAT5B	-0.05925979121207234	FALSE	0.05925979121207233	2	2	0	0	0	-100	0.010770708712432448	0.23703916484828932	0	0	0
TFEB	-0.05925979121207234	FALSE	0.05925979121207233	2	2	0	0	0	-100	0.010770708712432448	0.23703916484828932	0	0	0
USF2	-0.05925979121207234	FALSE	0.05925979121207233	2	2	0	0	0	-100	0.010770708712432448	0.23703916484828932	0	0	0
MAVS	-0.06793212699331687	FALSE	0.06793212699331687	2	0	2	0	0	-100	0.010770708712432448	0	0.2717285079732675	0	0
STAT2	-0.06793212699331687	FALSE	0.06793212699331687	2	0	2	0	0	-100	0.010770708712432448	0	0.2717285079732675	0	0
ACLY	-0.07477753093225761	FALSE	0.07477753093225761	3	3	0	0	0	-100	0.013591121187449907	0.29911012372903045	0	0	0
EEF1A2	-0.07477753093225761	FALSE	0.07477753093225761	3	3	0	0	0	-100	0.013591121187449907	0.29911012372903045	0	0	0
HSPB1	-0.07477753093225761	FALSE	0.07477753093225761	3	3	0	0	0	-100	0.013591121187449907	0.29911012372903045	0	0	0
MCM2	-0.07477753093225761	FALSE	0.07477753093225761	3	3	0	0	0	-100	0.013591121187449907	0.29911012372903045	0	0	0
YWHAB	-0.07477753093225761	FALSE	0.07477753093225761	3	3	0	0	0	-100	0.013591121187449907	0.29911012372903045	0	0	0
TRAF2	-0.08024916560960717	FALSE	0.08024916560960717	2	1	1	0	0	-100	0.010770708712432448	0.14955506186451523	0.17144160057391344	0	0
BMPR1A	-0.08024916560960717	FALSE	0.08024916560960717	2	1	1	0	0	-100	0.010770708712432448	0.14955506186451523	0.17144160057391344	0	0
CIITA	-0.08024916560960717	FALSE	0.08024916560960717	2	1	1	0	0	-100	0.010770708712432448	0.14955506186451523	0.17144160057391344	0	0
EPB41	-0.08024916560960717	FALSE	0.08024916560960717	2	1	1	0	0	-100	0.010770708712432448	0.14955506186451523	0.17144160057391344	0	0
GATA1	-0.08024916560960717	FALSE	0.08024916560960717	2	1	1	0	0	-100	0.010770708712432448	0.14955506186451523	0.17144160057391344	0	0
GTF2I	-0.08024916560960717	FALSE	0.08024916560960717	2	1	1	0	0	-100	0.010770708712432448	0.14955506186451523	0.17144160057391344	0	0
ID2	-0.08024916560960717	FALSE	0.08024916560960717	2	1	1	0	0	-100	0.010770708712432448	0.14955506186451523	0.17144160057391344	0	0
MAPK6	-0.08024916560960717	FALSE	0.08024916560960717	2	1	1	0	0	-100	0.010770708712432448	0.14955506186451523	0.17144160057391344	0	0
NME1	-0.08024916560960717	FALSE	0.08024916560960717	2	1	1	0	0	-100	0.010770708712432448	0.14955506186451523	0.17144160057391344	0	0
NUMA1	-0.08024916560960717	FALSE	0.08024916560960717	2	1	1	0	0	-100	0.010770708712432448	0.14955506186451523	0.17144160057391344	0	0
PFKFB4	-0.08024916560960717	FALSE	0.08024916560960717	2	1	1	0	0	-100	0.010770708712432448	0.14955506186451523	0.17144160057391344	0	0
RACK1	-0.08024916560960717	FALSE	0.08024916560960717	2	1	1	0	0	-100	0.010770708712432448	0.14955506186451523	0.17144160057391344	0	0
SMAD5	-0.08024916560960717	FALSE	0.08024916560960717	2	1	1	0	0	-100	0.010770708712432448	0.14955506186451523	0.17144160057391344	0	0
TRIM25	-0.08024916560960717	FALSE	0.08024916560960717	2	1	1	0	0	-100	0.010770708712432448	0.14955506186451523	0.17144160057391344	0	0
TUBB	-0.08024916560960717	FALSE	0.08024916560960717	2	1	1	0	0	-100	0.010770708712432448	0.14955506186451523	0.17144160057391344	0	0
WNK1	-0.08024916560960717	FALSE	0.08024916560960717	2	1	1	0	0	-100	0.010770708712432448	0.14955506186451523	0.17144160057391344	0	0
PSEN1	-0.08681402496895886	FALSE	0.08681402496895886	4	4	0	0	0	-100	0.015778803063079414	0.34725609987583544	0	0	0
TERF1	-0.08681402496895886	FALSE	0.08681402496895886	4	4	0	0	0	-100	0.015778803063079414	0.34725609987583544	0	0	0
NCOA3	-0.09664855667820113	FALSE	0.09664855667820113	5	5	0	0	0	-100	0.0175662693061574	0.3865942267128045	0	0	0
VIM	-0.09664855667820113	FALSE	0.09664855667820113	5	5	0	0	0	-100	0.0175662693061574	0.3865942267128045	0	0	0
ANXA1	-0.10212019135555069	FALSE	0.1021201913555507	3	2	1	0	0	-100	0.013591121187449907	0.23703916484828932	0.17144160057391344	0	0
BCR	-0.10212019135555069	FALSE	0.1021201913555507	3	2	1	0	0	-100	0.013591121187449907	0.23703916484828932	0.17144160057391344	0	0
WEE1	-0.10212019135555069	FALSE	0.1021201913555507	3	2	1	0	0	-100	0.013591121187449907	0.23703916484828932	0.17144160057391344	0	0
APC_C	-0.10212019135555069	FALSE	0.1021201913555507	3	2	1	0	0	-100	0.013591121187449907	0.23703916484828932	0.17144160057391344	0	0
DAB2	-0.10212019135555069	FALSE	0.1021201913555507	3	2	1	0	0	-100	0.013591121187449907	0.23703916484828932	0.17144160057391344	0	0
ARHGAP35	-0.10532089245944568	FALSE	0.10532089245944568	3	1	2	0	0	-100	0.013591121187449907	0.14955506186451523	0.2717285079732675	0	0
CASP6	-0.10532089245944568	FALSE	0.10532089245944568	3	1	2	0	0	-100	0.013591121187449907	0.14955506186451523	0.2717285079732675	0	0
UBE2I	-0.10532089245944568	FALSE	0.10532089245944568	3	1	2	0	0	-100	0.013591121187449907	0.14955506186451523	0.2717285079732675	0	0
FUS	-0.10532089245944568	FALSE	0.10532089245944568	3	1	2	0	0	-100	0.013591121187449907	0.14955506186451523	0.2717285079732675	0	0
KDM6A	-0.10532089245944568	FALSE	0.10532089245944568	3	1	2	0	0	-100	0.013591121187449907	0.14955506186451523	0.2717285079732675	0	0
ROCK2	-0.10532089245944568	FALSE	0.10532089245944568	3	1	2	0	0	-100	0.013591121187449907	0.14955506186451523	0.2717285079732675	0	0
IQGAP1	-0.11763793107573597	FALSE	0.11763793107573597	4	3	1	0	0	-100	0.015778803063079414	0.29911012372903045	0.17144160057391344	0	0
ANAPC1	-0.11763793107573597	FALSE	0.11763793107573597	4	3	1	0	0	-100	0.015778803063079414	0.29911012372903045	0.17144160057391344	0	0
CDC27	-0.11763793107573597	FALSE	0.11763793107573597	4	3	1	0	0	-100	0.015778803063079414	0.29911012372903045	0.17144160057391344	0	0
CDT1	-0.11763793107573597	FALSE	0.11763793107573597	4	3	1	0	0	-100	0.015778803063079414	0.29911012372903045	0.17144160057391344	0	0
RCSD1	-0.11763793107573597	FALSE	0.11763793107573597	4	3	1	0	0	-100	0.015778803063079414	0.29911012372903045	0.17144160057391344	0	0
TYK2	-0.12310956575308554	FALSE	0.12310956575308553	4	1	3	0	0	-100	0.015778803063079414	0.14955506186451523	0.3428832011478269	0	0
FBXW7	-0.12310956575308554	FALSE	0.12310956575308553	4	1	3	0	0	-100	0.015778803063079414	0.14955506186451523	0.3428832011478269	0	0
SMAD4	-0.1296744251124372	FALSE	0.1296744251124372	5	4	1	0	0	-100	0.0175662693061574	0.34725609987583544	0.17144160057391344	0	0
PRKD1	-0.15877855846332906	FALSE	0.15877855846332906	6	2	4	0	0	-100	0.019077550480934444	0.23703916484828932	0.3980750690050269	0	0
SMAD3	-0.16458068367151804	FALSE	0.164580683671518	7	5	2	0	0	-100	0.02038668178117486	0.3865942267128045	0.2717285079732675	0	0
STAT1	-0.16458068367151804	FALSE	0.164580683671518	7	5	2	0	0	-100	0.02038668178117486	0.3865942267128045	0.2717285079732675	0	0
TOPBP1	-0.16526928110300773	FALSE	0.16526928110300773	1	0	1	0.10202156849884123	0.10670135420135421	-100	0.006795560593724954	0	0.17144160057391344	0.23959221332994418	0.2500433105081733
NF2	-0.16750928543223903	FALSE	0.16750928543223903	1	0	1	0.10556540938485383	0.10716889067404531	-100	0.006795560593724954	0	0.17144160057391344	0.24751053740292545	0.2510850037521173
SPEN	-0.16750928543223903	FALSE	0.16750928543223903	1	0	1	0.10556540938485383	0.10716889067404531	-100	0.006795560593724954	0	0.17144160057391344	0.24751053740292545	0.2510850037521173
PRKAA2	-0.19510188623641003	FALSE	0.19510188623641003	9	3	6	0	0	-100	0.02257436365680437	0.29911012372903045	0.4812974212166097	0	0
SIRT3	-0.1971657802019627	FALSE	0.1971657802019627	3	2	1	0	0.16666666666666666	-100	0.013591121187449907	0.23703916484828932	0.17144160057391344	0	0.38018235538564804
BLVRA	-0.20332140380969752	FALSE	0.20332140380969752	2	1	1	0.10527033002839455	0.10463619543374145	-100	0.010770708712432448	0.14955506186451523	0.17144160057391344	0.24685218433773928	0.2454367684626221
CAPN2	-0.20613041824800987	FALSE	0.20613041824800987	2	1	1	0.10777734354123243	0.10716889067404531	-100	0.010770708712432448	0.14955506186451523	0.17144160057391344	0.2524400068014935	0.2510850037521173
TNK2	-0.2086940889603488	FALSE	0.2086940889603488	2	1	1	0.11017644906533795	0.10937941469437533	-100	0.010770708712432448	0.14955506186451523	0.17144160057391344	0.2577754872682864	0.25600420613468006
IDH2	-0.21453526305224854	TRUE	0.21453526305224857	3	2	1	0	0.2	-100	0.013591121187449907	0.23703916484828932	0.17144160057391344	0	0.44966028678679143
BCR_ABL	-0.222016125553563	TRUE	0.22201612555356304	4	0	4	0.1050194331216229	0.10385731645130142	-100	0.015778803063079414	0	0.3980750690050269	0.2462922686897147	0.24369716451951046
WDR62	-0.2288126313168653	FALSE	0.2288126313168653	3	2	1	0.1098818986114068	0.10652430225600958	-100	0.013591121187449907	0.23703916484828932	0.17144160057391344	0.25712104428087784	0.2496487155643805
FLNA	-0.24433037103705058	FALSE	0.24433037103705058	4	3	1	0.1098818986114068	0.10652430225600958	-100	0.015778803063079414	0.29911012372903045	0.17144160057391344	0.25712104428087784	0.2496487155643805
LYN	-0.24530749081991218	FALSE	0.24530749081991218	4	1	3	0.1037954763286133	0.10454480160362513	-100	0.015778803063079414	0.14955506186451523	0.3428832011478269	0.24355899378067114	0.24523270648663542
FER	-0.24600054811576555	FALSE	0.24600054811576555	4	1	3	0.10482484269033977	0.10475679176466578	-100	0.015778803063079414	0.14955506186451523	0.3428832011478269	0.2458579221966948	0.24570600725402525
PROLIFERATION	-0.25	FALSE	0.25	102	102	0	0	0	-100	0.04543851949244741	1	0	0	0
STK38	-0.25222325609677965	FALSE	0.25222325609677965	4	1	3	0.109728601344455	0.11103154491656234	-100	0.015778803063079414	0.14955506186451523	0.3428832011478269	0.2567803740769256	0.25967438729785086
AURKA	-0.2544167040251554	FALSE	0.2544167040251554	7	0	7	0.10769227019227019	0.10717177022324081	-100	0.02038668178117486	0	0.5143248017217403	0.2522505962188308	0.2510914181600505
CDK3	-0.2576269884474708	FALSE	0.2576269884474708	2	1	1	0	0.3333333333333333	-100	0.010770708712432448	0.14955506186451523	0.17144160057391344	0	0.7095112913514545
IRAK4	-0.2576269884474708	FALSE	0.2576269884474708	2	1	1	0	0.3333333333333333	-100	0.010770708712432448	0.14955506186451523	0.17144160057391344	0	0.7095112913514545
X_R__2_HYDROXYGLUTARATE_2__	-0.2576269884474708	FALSE	0.2576269884474708	2	1	1	0	0.3333333333333333	-100	0.010770708712432448	0.14955506186451523	0.17144160057391344	0	0.7095112913514545
X2_OXOGLUTARATE_2__	-0.26069449405638767	FALSE	0.26069449405638767	4	1	3	0	0.25	-100	0.015778803063079414	0.14955506186451523	0.3428832011478269	0	0.5503397132132085
BRAF	-0.26769054353687405	FALSE	0.26769054353687405	1	0	1	0.2	0.2	-100	0.006795560593724954	0	0.17144160057391344	0.44966028678679143	0.44966028678679143
STAT5A	-0.27114130742738907	FALSE	0.27114130742738907	5	2	3	0.10827955792909064	0.10716889067404531	-100	0.0175662693061574	0.23703916484828932	0.3428832011478269	0.2535578599613227	0.2510850037521173
XIAP	-0.2717287032068135	FALSE	0.2717287032068135	5	2	3	0.10996623626493757	0.10654013312116078	-100	0.0175662693061574	0.23703916484828932	0.3428832011478269	0.25730844651235846	0.24968400031877935
LATS2	-0.27365320337043814	FALSE	0.27365320337043814	5	2	3	0.10893502120774848	0.11103154491656234	-100	0.0175662693061574	0.23703916484828932	0.3428832011478269	0.2550160601877855	0.25967438729785086
PPM1A	-0.27551604801176627	FALSE	0.27551604801176627	6	1	5	0.10742610131256419	0.11013397522018212	-100	0.019077550480934444	0.14955506186451523	0.44317010854718086	0.2516578935974269	0.257681128037942
INSR	-0.2813032902137297	FALSE	0.2813032902137297	7	1	6	0.10583298616771421	0.10500197361183908	-100	0.02038668178117486	0.14955506186451523	0.4812974212166097	0.24810737743913772	0.2462533003346561
WT1	-0.2826987152973093	FALSE	0.2826987152973093	3	1	2	0.3333333333333333	0	-100	0.013591121187449907	0.14955506186451523	0.2717285079732675	0.7095112913514545	0
PIM2	-0.2882746585983055	FALSE	0.2882746585983055	6	2	4	0.11041708549448488	0.11103154491656234	-100	0.019077550480934444	0.23703916484828932	0.3980750690050269	0.25831001324205477	0.25967438729785086
MAP2K7	-0.289978365299404	FALSE	0.289978365299404	6	2	4	0.1134554066005679	0.11106566852423207	-100	0.019077550480934444	0.23703916484828932	0.3980750690050269	0.2650490925307757	0.2597501348135241
SND1	-0.29286040014347836	FALSE	0.29286040014347836	1	0	1	0	0.5	-100	0.006795560593724954	0	0.17144160057391344	0	1
PRKCE	-0.2987717083580788	FALSE	0.2987717083580788	9	1	8	0.10570955769819407	0.10858733377320738	-100	0.02257436365680437	0.14955506186451523	0.543457015946535	0.24783208356075964	0.25424267206050527
SIRT1	-0.2994863945042552	FALSE	0.2994863945042552	7	2	5	0.11124800298907442	0.11008911508911509	-100	0.02038668178117486	0.23703916484828932	0.44317010854718086	0.2601548410696429	0.2575814635519076
PTEN	-0.3055590849120938	FALSE	0.3055590849120938	8	5	3	0.10399205858389532	0.10612596710382688	-100	0.021541417424864897	0.3865942267128045	0.3428832011478269	0.24399819500855965	0.24876071677918424
GSK3A	-0.31775065809006087	FALSE	0.31775065809006087	9	2	7	0.11116214408897336	0.11103154491656234	-100	0.02257436365680437	0.23703916484828932	0.5143248017217403	0.259964278492363	0.25967438729785086
ATR	-0.31815084889958734	FALSE	0.31815084889958734	10	2	8	0.10332925153642285	0.10649803412961308	-100	0.023508777184297752	0.23703916484828932	0.543457015946535	0.24251704828315518	0.2495901665203698
CYLD	-0.3302491656096072	FALSE	0.33024916560960715	2	1	1	0.5	0	-100	0.010770708712432448	0.14955506186451523	0.17144160057391344	1	0
IRAK1	-0.3302491656096072	FALSE	0.33024916560960715	2	1	1	0	0.5	-100	0.010770708712432448	0.14955506186451523	0.17144160057391344	0	1
MITF	-0.3302491656096072	FALSE	0.33024916560960715	2	1	1	0.5	0	-100	0.010770708712432448	0.14955506186451523	0.17144160057391344	1	0
SOD1	-0.3302491656096072	FALSE	0.33024916560960715	2	1	1	0.5	0	-100	0.010770708712432448	0.14955506186451523	0.17144160057391344	1	0
TRIM24	-0.3302491656096072	FALSE	0.33024916560960715	2	1	1	0.5	0	-100	0.010770708712432448	0.14955506186451523	0.17144160057391344	1	0
XPO1	-0.3302491656096072	TRUE	0.33024916560960715	2	1	1	0.5	0	-100	0.010770708712432448	0.14955506186451523	0.17144160057391344	1	0
PPP2CA	-0.3306692613957905	FALSE	0.33066926139579056	12	2	10	0.1043116761515638	0.10571098802539851	-100	0.025146562328054282	0.23703916484828932	0.5930904937751824	0.2447121130325002	0.24783527392719037
PRKCB	-0.34050802700377397	FALSE	0.34050802700377397	13	2	11	0.10945055672129908	0.10857663695087008	-100	0.025873111074659397	0.23703916484828932	0.6146117091210943	0.2561623596026275	0.2542188744430847
BCL2L1	-0.34195850650938164	FALSE	0.34195850650938164	7	5	2	0.3333333333333333	0	-100	0.02038668178117486	0.3865942267128045	0.2717285079732675	0.7095112913514545	0
TBXA2R	-0.34310198359992117	FALSE	0.34310198359992117	2	0	2	0.25	0.25	-100	0.010770708712432448	0	0.2717285079732675	0.5503397132132085	0.5503397132132085
MTOR	-0.3451982788530451	FALSE	0.34519827885304505	19	1	18	0.10757450076804916	0.10712094361554146	-100	0.02936992425052932	0.14955506186451523	0.7282714920267325	0.25198836582491174	0.2509781956960206
MAPK9	-0.34971579700779065	FALSE	0.34971579700779065	14	2	12	0.11289509903371289	0.11280454650019868	-100	0.026549511775511864	0.23703916484828932	0.63440930810539	0.2638076990324847	0.2636070160449986
CYCLINE_CDK2	-0.35166503422803286	FALSE	0.3516650342280329	5	1	4	0	0.41666666666666663	-100	0.0175662693061574	0.14955506186451523	0.3980750690050269	0	0.8590300060425895
CTNND1	-0.3521201913555507	FALSE	0.3521201913555507	3	2	1	0	0.5	-100	0.013591121187449907	0.23703916484828932	0.17144160057391344	0	1
CDK5	-0.3541439971934101	FALSE	0.3541439971934101	23	1	22	0.1042637135946995	0.10528693249798778	-100	0.03115739049360731	0.14955506186451523	0.775526702041677	0.24460499400851152	0.24688923085893683
MTORC2	-0.3553208924594456	FALSE	0.35532089245944565	3	1	2	0	0.5	-100	0.013591121187449907	0.14955506186451523	0.2717285079732675	0	1
PBK	-0.3675398013189702	FALSE	0.3675398013189702	5	3	2	0.2	0.2	-100	0.0175662693061574	0.29911012372903045	0.2717285079732675	0.44966028678679143	0.44966028678679143
MET	-0.3700076430852247	FALSE	0.3700076430852247	5	1	4	0.23333333333333334	0.18333333333333335	-100	0.0175662693061574	0.14955506186451523	0.3980750690050269	0.5172344716925007	0.41516596977885595
PPME1	-0.3731095657530855	FALSE	0.3731095657530855	4	1	3	0.5	0	-100	0.015778803063079414	0.14955506186451523	0.3428832011478269	1	0
SH2B1	-0.3731095657530855	FALSE	0.3731095657530855	4	1	3	0.5	0	-100	0.015778803063079414	0.14955506186451523	0.3428832011478269	1	0
TGFBR1	-0.37468862385786095	FALSE	0.37468862385786095	4	0	4	0.25	0.25	-100	0.015778803063079414	0	0.3980750690050269	0.5503397132132085	0.5503397132132085
NUMB	-0.3804907490660499	FALSE	0.38049074906604996	3	1	2	0.25	0.25	-100	0.013591121187449907	0.14955506186451523	0.2717285079732675	0.5503397132132085	0.5503397132132085
CSNK2A1	-0.38653669862108536	FALSE	0.38653669862108536	34	1	33	0.1128699632613527	0.11146525618356605	-100	0.03485635354401386	0.14955506186451523	0.8722027723642676	0.2637519946426062	0.26063696561295263
TAB1	-0.3949805914990291	FALSE	0.3949805914990291	5	2	3	0.5	0	-100	0.0175662693061574	0.23703916484828932	0.3428832011478269	1	0
NTRK1	-0.40070816245581287	FALSE	0.40070816245581287	3	1	2	0.29166666666666663	0.25	-100	0.013591121187449907	0.14955506186451523	0.2717285079732675	0.6312093667722604	0.5503397132132085
SRC	-0.4122297314334345	TRUE	0.4122297314334345	57	1	56	0.10615330303201885	0.10692524182356718	-100	0.03980826480927862	0.14955506186451523	1	0.24882166631232916	0.25054219755689355
ATF2	-0.414580683671518	FALSE	0.414580683671518	7	5	2	0	0.5	-100	0.02038668178117486	0.3865942267128045	0.2717285079732675	0	1
TTK	-0.4178795145321787	FALSE	0.41787951453217875	5	3	2	0.25	0.25	-100	0.0175662693061574	0.29911012372903045	0.2717285079732675	0.5503397132132085	0.5503397132132085
TP53RK	-0.4201504481056333	FALSE	0.4201504481056333	5	2	3	0.25	0.25	-100	0.0175662693061574	0.23703916484828932	0.3428832011478269	0.5503397132132085	0.5503397132132085
GNA13	-0.4350048112853344	FALSE	0.4350048112853344	2	1	1	0.3333333333333333	0.3333333333333333	-100	0.010770708712432448	0.14955506186451523	0.17144160057391344	0.7095112913514545	0.7095112913514545
GNAQ	-0.4350048112853344	FALSE	0.4350048112853344	2	1	1	0.3333333333333333	0.3333333333333333	-100	0.010770708712432448	0.14955506186451523	0.17144160057391344	0.7095112913514545	0.7095112913514545
CDK1	-0.43942271060674587	TRUE	0.43942271060674587	50	2	48	0.12106422575172575	0.11850630537071215	-100	0.03854731012474829	0.23703916484828932	0.9625948424332194	0.28184530167962635	0.2762115334658485
CSNK2B	-0.4605852748851592	FALSE	0.4605852748851592	5	2	3	0.29166666666666663	0.29166666666666663	-100	0.0175662693061574	0.23703916484828932	0.3428832011478269	0.6312093667722604	0.6312093667722604
RELA	-0.4657560618977893	FALSE	0.4657560618977893	11	6	5	0.5	0	-100	0.024361829899882358	0.41985413904397634	0.44317010854718086	1	0
RPS6KA3	-0.46846883583628296	FALSE	0.46846883583628296	7	1	6	0.2733333333333333	0.3	-100	0.02038668178117486	0.14955506186451523	0.4812974212166097	0.5959529664039879	0.647069893860019
AKT1	-0.4777997856251199	FALSE	0.4777997856251198	42	10	32	0.11374479528105483	0.1126726268900182	-100	0.03687451093817218	0.5173755097413612	0.8648190017484498	0.2656900051061885	0.2633146259044796
EIF2AK2	-0.4856570017349977	FALSE	0.4856570017349977	7	2	5	0.29166666666666663	0.29166666666666663	-100	0.02038668178117486	0.23703916484828932	0.44317010854718086	0.6312093667722604	0.6312093667722604
SHC1	-0.5025795805801997	FALSE	0.5025795805801997	7	6	1	0.3333333333333333	0.3333333333333333	-100	0.02038668178117486	0.41985413904397634	0.17144160057391344	0.7095112913514545	0.7095112913514545
PARP1	-0.5202686054396015	TRUE	0.5202686054396015	8	4	4	0.375	0.25	-100	0.021541417424864897	0.34725609987583544	0.3980750690050269	0.7854035396643351	0.5503397132132085
SOS1	-0.6053208924594456	FALSE	0.6053208924594456	3	1	2	0.5	0.5	-100	0.013591121187449907	0.14955506186451523	0.2717285079732675	1	1
NFKBIA	-0.6246259760510499	FALSE	0.6246259760510499	13	7	6	0.41666666666666663	0.3333333333333333	-100	0.025873111074659397	0.4486651855935457	0.4812974212166097	0.8590300060425895	0.7095112913514545
ARHGEF12	-0.6271919182053892	FALSE	0.6271919182053892	4	2	2	0.5	0.5	-100	0.015778803063079414	0.23703916484828932	0.2717285079732675	1	1
DAXX	-0.6271919182053892	FALSE	0.6271919182053892	4	2	2	0.5	0.5	-100	0.015778803063079414	0.23703916484828932	0.2717285079732675	1	1
TRIM28	-0.6271919182053892	FALSE	0.6271919182053892	4	2	2	0.5	0.5	-100	0.015778803063079414	0.23703916484828932	0.2717285079732675	1	1
TP53	-0.6309883488701531	FALSE	0.6309883488701531	23	17	6	0.3333333333333333	0.3333333333333333	-100	0.03115739049360731	0.6236333915610938	0.4812974212166097	0.7095112913514545	0.7095112913514545
BID	-0.6604983312192144	FALSE	0.6604983312192143	6	3	3	0.5	0.5	-100	0.019077550480934444	0.29911012372903045	0.3428832011478269	1	1
